value,cash,date,strategy_name,position
10000000.0,10000000.0,2021-02-22,bulin_strategy,{}
10000000.0,10000000.0,2021-02-23,bulin_strategy,{}
10000000.0,10000000.0,2021-02-24,bulin_strategy,{}
10000000.0,10000000.0,2021-02-25,bulin_strategy,{}
10000000.0,10000000.0,2021-02-26,bulin_strategy,{}
10000000.0,10000000.0,2021-03-01,bulin_strategy,{}
10000000.0,10000000.0,2021-03-02,bulin_strategy,{}
10000000.0,10000000.0,2021-03-03,bulin_strategy,{}
10000000.0,10000000.0,2021-03-04,bulin_strategy,{}
10000000.0,10000000.0,2021-03-05,bulin_strategy,{}
10000000.0,10000000.0,2021-03-08,bulin_strategy,{}
10000000.0,10000000.0,2021-03-09,bulin_strategy,{}
10000000.0,10000000.0,2021-03-10,bulin_strategy,{}
10000000.0,10000000.0,2021-03-11,bulin_strategy,{}
10000000.0,10000000.0,2021-03-12,bulin_strategy,{}
10000000.0,10000000.0,2021-03-15,bulin_strategy,{}
10000000.0,10000000.0,2021-03-16,bulin_strategy,{}
10000000.0,10000000.0,2021-03-17,bulin_strategy,{}
10000000.0,10000000.0,2021-03-18,bulin_strategy,{}
10000000.0,10000000.0,2021-03-19,bulin_strategy,{}
10000000.0,10000000.0,2021-03-22,bulin_strategy,{}
10000000.0,10000000.0,2021-03-23,bulin_strategy,{}
10000000.0,10000000.0,2021-03-24,bulin_strategy,{}
10000000.0,10000000.0,2021-03-25,bulin_strategy,{}
10000000.0,10000000.0,2021-03-26,bulin_strategy,{}
10000000.0,10000000.0,2021-03-29,bulin_strategy,{}
10000000.0,10000000.0,2021-03-30,bulin_strategy,{}
10000000.0,10000000.0,2021-03-31,bulin_strategy,{}
10000000.0,10000000.0,2021-04-01,bulin_strategy,{}
10000000.0,10000000.0,2021-04-05,bulin_strategy,{}
10000000.0,10000000.0,2021-04-06,bulin_strategy,{}
10000000.0,10000000.0,2021-04-07,bulin_strategy,{}
10000000.0,10000000.0,2021-04-08,bulin_strategy,{}
10000000.0,10000000.0,2021-04-09,bulin_strategy,{}
10000000.0,10000000.0,2021-04-12,bulin_strategy,{}
10000000.0,10000000.0,2021-04-13,bulin_strategy,{}
10000000.0,10000000.0,2021-04-14,bulin_strategy,{}
10000000.0,10000000.0,2021-04-15,bulin_strategy,{}
10000000.0,10000000.0,2021-04-16,bulin_strategy,{}
10000000.0,10000000.0,2021-04-19,bulin_strategy,{}
10000000.0,10000000.0,2021-04-20,bulin_strategy,{}
10000000.0,10000000.0,2021-04-21,bulin_strategy,{}
10000000.0,10000000.0,2021-04-22,bulin_strategy,{}
10000000.0,10000000.0,2021-04-23,bulin_strategy,{}
10000000.0,10000000.0,2021-04-26,bulin_strategy,{}
10000000.0,10000000.0,2021-04-27,bulin_strategy,{}
10000000.0,10000000.0,2021-04-28,bulin_strategy,{}
10000000.0,10000000.0,2021-04-29,bulin_strategy,{}
10000000.0,10000000.0,2021-04-30,bulin_strategy,{}
10000000.0,10000000.0,2021-05-03,bulin_strategy,{}
10000000.0,10000000.0,2021-05-04,bulin_strategy,{}
10000000.0,10000000.0,2021-05-05,bulin_strategy,{}
10000000.0,10000000.0,2021-05-06,bulin_strategy,{}
10000000.0,10000000.0,2021-05-07,bulin_strategy,{}
10000000.0,10000000.0,2021-05-10,bulin_strategy,{}
10000000.0,10000000.0,2021-05-11,bulin_strategy,{}
10000000.0,10000000.0,2021-05-12,bulin_strategy,{}
10000000.0,10000000.0,2021-05-13,bulin_strategy,{}
10000000.0,10000000.0,2021-05-14,bulin_strategy,{}
10000000.0,10000000.0,2021-05-17,bulin_strategy,{}
10000000.0,10000000.0,2021-05-17,twoma_strategy,{}
9998637.57359375,3186505.54234375,2021-05-18,twoma_strategy,"{""hDJI"": 200}"
9965713.35484375,3186505.54234375,2021-05-19,twoma_strategy,"{""hDJI"": 200}"
10003335.22984375,3186505.54234375,2021-05-20,twoma_strategy,"{""hDJI"": 200}"
10028073.51109375,3186505.54234375,2021-05-21,twoma_strategy,"{""hDJI"": 200}"
10065301.63609375,3186505.54234375,2021-05-24,twoma_strategy,"{""hDJI"": 200}"
10048997.72984375,3186505.54234375,2021-05-25,twoma_strategy,"{""hDJI"": 200}"
10045624.010468751,10045624.010468751,2021-05-26,twoma_strategy,{}
10045624.010468751,10045624.010468751,2021-05-26,rsi_strategy,{}
10045624.010468751,10045624.010468751,2021-05-27,rsi_strategy,{}
10045624.010468751,10045624.010468751,2021-05-28,rsi_strategy,{}
10045624.010468751,10045624.010468751,2021-06-01,rsi_strategy,{}
10045624.010468751,10045624.010468751,2021-06-02,rsi_strategy,{}
10045624.010468751,10045624.010468751,2021-06-03,rsi_strategy,{}
10045624.010468751,10045624.010468751,2021-06-04,rsi_strategy,{}
10045624.010468751,10045624.010468751,2021-06-07,rsi_strategy,{}
10045624.010468751,10045624.010468751,2021-06-08,rsi_strategy,{}
10045624.010468751,10045624.010468751,2021-06-09,rsi_strategy,{}
10045624.010468751,10045624.010468751,2021-06-10,rsi_strategy,{}
10045624.010468751,10045624.010468751,2021-06-11,rsi_strategy,{}
10045624.010468751,10045624.010468751,2021-06-14,rsi_strategy,{}
10045624.010468751,10045624.010468751,2021-06-15,rsi_strategy,{}
10045624.010468751,10045624.010468751,2021-06-16,rsi_strategy,{}
10045624.010468751,10045624.010468751,2021-06-17,rsi_strategy,{}
10043626.605781252,56603.16828125119,2021-06-18,rsi_strategy,"{""hDJI"": 300}"
10219693.793281252,56603.16828125119,2021-06-21,rsi_strategy,"{""hDJI"": 300}"
10240276.605781252,56603.16828125119,2021-06-22,rsi_strategy,"{""hDJI"": 300}"
10218874.652656252,56603.16828125119,2021-06-23,rsi_strategy,"{""hDJI"": 300}"
10315649.262031252,56603.16828125119,2021-06-24,rsi_strategy,"{""hDJI"": 300}"
10386755.121406252,56603.16828125119,2021-06-25,rsi_strategy,"{""hDJI"": 300}"
10341584.027656252,56603.16828125119,2021-06-28,rsi_strategy,"{""hDJI"": 300}"
10344289.887031252,56603.16828125119,2021-06-29,rsi_strategy,"{""hDJI"": 300}"
10407356.683906252,56603.16828125119,2021-06-30,rsi_strategy,"{""hDJI"": 300}"
10446662.543281252,56603.16828125119,2021-07-01,rsi_strategy,"{""hDJI"": 300}"
10492508.637031252,56603.16828125119,2021-07-02,rsi_strategy,"{""hDJI"": 300}"
10429814.496406252,56603.16828125119,2021-07-06,rsi_strategy,"{""hDJI"": 300}"
10461139.887031252,56603.16828125119,2021-07-07,rsi_strategy,"{""hDJI"": 300}"
10383182.074531252,56603.16828125119,2021-07-08,rsi_strategy,"{""hDJI"": 300}"
10517651.215156252,56603.16828125119,2021-07-09,rsi_strategy,"{""hDJI"": 300}"
10547057.99140625,10547057.99140625,2021-07-12,rsi_strategy,{}
10547057.99140625,10547057.99140625,2021-07-12,twoma_strategy,{}
10547057.99140625,10547057.99140625,2021-07-13,twoma_strategy,{}
10547057.99140625,10547057.99140625,2021-07-14,twoma_strategy,{}
10547057.99140625,10547057.99140625,2021-07-15,twoma_strategy,{}
10547057.99140625,10547057.99140625,2021-07-16,twoma_strategy,{}
10547057.99140625,10547057.99140625,2021-07-19,twoma_strategy,{}
10547057.99140625,10547057.99140625,2021-07-20,twoma_strategy,{}
10544970.11140625,105570.11140625074,2021-07-21,twoma_strategy,"{""hDJI"": 300}"
10552575.58015625,105570.11140625074,2021-07-22,twoma_strategy,"{""hDJI"": 300}"
10624035.34578125,105570.11140625074,2021-07-23,twoma_strategy,"{""hDJI"": 300}"
10648862.68953125,105570.11140625074,2021-07-26,twoma_strategy,"{""hDJI"": 300}"
10623125.97078125,105570.11140625074,2021-07-27,twoma_strategy,"{""hDJI"": 300}"
10576465.59453125,10576465.59453125,2021-07-28,twoma_strategy,{}
10576465.59453125,10576465.59453125,2021-07-28,rsi_strategy,{}
10576465.59453125,10576465.59453125,2021-07-29,rsi_strategy,{}
10576465.59453125,10576465.59453125,2021-07-30,rsi_strategy,{}
10576465.59453125,10576465.59453125,2021-08-02,rsi_strategy,{}
10576465.59453125,10576465.59453125,2021-08-03,rsi_strategy,{}
10576465.59453125,10576465.59453125,2021-08-04,rsi_strategy,{}
10576465.59453125,10576465.59453125,2021-08-05,rsi_strategy,{}
10576465.59453125,10576465.59453125,2021-08-06,rsi_strategy,{}
10576465.59453125,10576465.59453125,2021-08-09,rsi_strategy,{}
10576465.59453125,10576465.59453125,2021-08-10,rsi_strategy,{}
10576465.59453125,10576465.59453125,2021-08-11,rsi_strategy,{}
10576465.59453125,10576465.59453125,2021-08-12,rsi_strategy,{}
10576465.59453125,10576465.59453125,2021-08-13,rsi_strategy,{}
10576465.59453125,10576465.59453125,2021-08-16,rsi_strategy,{}
10576465.59453125,10576465.59453125,2021-08-17,rsi_strategy,{}
10576465.59453125,10576465.59453125,2021-08-18,rsi_strategy,{}
10576465.59453125,10576465.59453125,2021-08-19,rsi_strategy,{}
10576465.59453125,10576465.59453125,2021-08-20,rsi_strategy,{}
10576465.59453125,10576465.59453125,2021-08-23,rsi_strategy,{}
10576465.59453125,10576465.59453125,2021-08-24,rsi_strategy,{}
10576465.59453125,10576465.59453125,2021-08-25,rsi_strategy,{}
10576465.59453125,10576465.59453125,2021-08-26,rsi_strategy,{}
10576465.59453125,10576465.59453125,2021-08-27,rsi_strategy,{}
10576465.59453125,10576465.59453125,2021-08-30,rsi_strategy,{}
10576465.59453125,10576465.59453125,2021-08-31,rsi_strategy,{}
10576465.59453125,10576465.59453125,2021-09-01,rsi_strategy,{}
10576465.59453125,10576465.59453125,2021-09-02,rsi_strategy,{}
10576465.59453125,10576465.59453125,2021-09-03,rsi_strategy,{}
10576465.59453125,10576465.59453125,2021-09-07,rsi_strategy,{}
10576465.59453125,10576465.59453125,2021-09-08,rsi_strategy,{}
10576465.59453125,10576465.59453125,2021-09-09,rsi_strategy,{}
10576465.59453125,10576465.59453125,2021-09-10,rsi_strategy,{}
10576465.59453125,10576465.59453125,2021-09-13,rsi_strategy,{}
10576465.59453125,10576465.59453125,2021-09-14,rsi_strategy,{}
10576465.59453125,10576465.59453125,2021-09-15,rsi_strategy,{}
10576465.59453125,10576465.59453125,2021-09-16,rsi_strategy,{}
10576465.59453125,10576465.59453125,2021-09-17,rsi_strategy,{}
10574427.366406249,383286.74140624923,2021-09-20,rsi_strategy,"{""hDJI"": 300}"
10559238.694531249,383286.74140624923,2021-09-21,rsi_strategy,"{""hDJI"": 300}"
10660782.835156249,383286.74140624923,2021-09-22,rsi_strategy,"{""hDJI"": 300}"
10812732.835156249,383286.74140624923,2021-09-23,rsi_strategy,"{""hDJI"": 300}"
10822686.741406249,383286.74140624923,2021-09-24,rsi_strategy,"{""hDJI"": 300}"
10844098.069531249,383286.74140624923,2021-09-27,rsi_strategy,"{""hDJI"": 300}"
10673283.225781249,383286.74140624923,2021-09-28,rsi_strategy,"{""hDJI"": 300}"
10700502.366406249,383286.74140624923,2021-09-29,rsi_strategy,"{""hDJI"": 300}"
10536463.303906249,383286.74140624923,2021-09-30,rsi_strategy,"{""hDJI"": 300}"
10681225.022656249,383286.74140624923,2021-10-01,rsi_strategy,"{""hDJI"": 300}"
10584163.303906249,383286.74140624923,2021-10-04,rsi_strategy,"{""hDJI"": 300}"
10677688.303906249,383286.74140624923,2021-10-05,rsi_strategy,"{""hDJI"": 300}"
10708383.225781249,383286.74140624923,2021-10-06,rsi_strategy,"{""hDJI"": 300}"
10809769.163281249,383286.74140624923,2021-10-07,rsi_strategy,"{""hDJI"": 300}"
10807161.741406249,383286.74140624923,2021-10-08,rsi_strategy,"{""hDJI"": 300}"
10732104.319531249,383286.74140624923,2021-10-11,rsi_strategy,"{""hDJI"": 300}"
10696788.694531249,383286.74140624923,2021-10-12,rsi_strategy,"{""hDJI"": 300}"
10696629.319531249,383286.74140624923,2021-10-13,rsi_strategy,"{""hDJI"": 300}"
10857054.319531249,383286.74140624923,2021-10-14,rsi_strategy,"{""hDJI"": 300}"
10971715.257031249,383286.74140624923,2021-10-15,rsi_strategy,"{""hDJI"": 300}"
10960869.553906249,383286.74140624923,2021-10-18,rsi_strategy,"{""hDJI"": 300}"
11020479.319531249,383286.74140624923,2021-10-19,rsi_strategy,"{""hDJI"": 300}"
11066088.694531249,383286.74140624923,2021-10-20,rsi_strategy,"{""hDJI"": 300}"
11066088.694531249,383286.7414062489,2021-10-20,rsi_strategy,"{""hDJI"": 300}"
11055665.44015625,11055665.44015625,2021-10-21,rsi_strategy,{}
11055665.44015625,11055665.44015625,2021-10-21,twoma_strategy,{}
11055665.44015625,11055665.44015625,2021-10-22,twoma_strategy,{}
11055665.44015625,11055665.44015625,2021-10-25,twoma_strategy,{}
11055665.44015625,11055665.44015625,2021-10-26,twoma_strategy,{}
11055665.44015625,11055665.44015625,2021-10-27,twoma_strategy,{}
11055665.44015625,11055665.44015625,2021-10-28,twoma_strategy,{}
11055665.44015625,11055665.44015625,2021-10-29,twoma_strategy,{}
11055665.44015625,11055665.44015625,2021-11-01,twoma_strategy,{}
11055665.44015625,11055665.44015625,2021-11-02,twoma_strategy,{}
11055665.44015625,11055665.44015625,2021-11-03,twoma_strategy,{}
11055665.44015625,11055665.44015625,2021-11-04,twoma_strategy,{}
11055665.44015625,11055665.44015625,2021-11-05,twoma_strategy,{}
11055665.44015625,11055665.44015625,2021-11-08,twoma_strategy,{}
11055665.44015625,11055665.44015625,2021-11-09,twoma_strategy,{}
11055665.44015625,11055665.44015625,2021-11-10,twoma_strategy,{}
11055665.44015625,11055665.44015625,2021-11-11,twoma_strategy,{}
11055665.44015625,11055665.44015625,2021-11-12,twoma_strategy,{}
11055665.44015625,11055665.44015625,2021-11-15,twoma_strategy,{}
11055665.44015625,11055665.44015625,2021-11-16,twoma_strategy,{}
11053509.577109374,274194.34273437434,2021-11-17,twoma_strategy,"{""hDJI"": 300}"
11035479.108359374,274194.34273437434,2021-11-18,twoma_strategy,"{""hDJI"": 300}"
10954788.483359374,274194.34273437434,2021-11-19,twoma_strategy,"{""hDJI"": 300}"
10959969.342734374,274194.34273437434,2021-11-22,twoma_strategy,"{""hDJI"": 300}"
11018334.577109374,274194.34273437434,2021-11-23,twoma_strategy,"{""hDJI"": 300}"
11015508.014609374,274194.34273437434,2021-11-24,twoma_strategy,"{""hDJI"": 300}"
10743996.295859374,274194.34273437434,2021-11-26,twoma_strategy,"{""hDJI"": 300}"
10814976.764609374,274194.34273437434,2021-11-29,twoma_strategy,"{""hDJI"": 300}"
10619309.967734374,274194.34273437434,2021-11-30,twoma_strategy,"{""hDJI"": 300}"
10480806.061484374,274194.34273437434,2021-12-01,twoma_strategy,"{""hDJI"": 300}"
10666131.061484374,274194.34273437434,2021-12-02,twoma_strategy,"{""hDJI"": 300}"
10648217.780234374,274194.34273437434,2021-12-03,twoma_strategy,"{""hDJI"": 300}"
10842303.717734374,274194.34273437434,2021-12-06,twoma_strategy,"{""hDJI"": 300}"
10990023.248984374,274194.34273437434,2021-12-07,twoma_strategy,"{""hDJI"": 300}"
11000619.342734374,274194.34273437434,2021-12-08,twoma_strategy,"{""hDJI"": 300}"
11000601.764609374,274194.34273437434,2021-12-09,twoma_strategy,"{""hDJI"": 300}"
11056857.789921874,11056857.789921874,2021-12-10,twoma_strategy,{}
11056857.789921874,11056857.789921874,2021-12-10,twoma_strategy,{}
11056857.789921874,11056857.789921874,2021-12-13,twoma_strategy,{}
11056857.789921874,11056857.789921874,2021-12-14,twoma_strategy,{}
11056857.789921874,11056857.789921874,2021-12-15,twoma_strategy,{}
11056857.789921874,11056857.789921874,2021-12-16,twoma_strategy,{}
11056857.789921874,11056857.789921874,2021-12-17,twoma_strategy,{}
11056857.789921874,11056857.789921874,2021-12-20,twoma_strategy,{}
11054728.227968749,406918.4623437492,2021-12-21,twoma_strategy,"{""hDJI"": 300}"
11133085.649843749,406918.4623437492,2021-12-22,twoma_strategy,"{""hDJI"": 300}"
11192086.040468749,406918.4623437492,2021-12-23,twoma_strategy,"{""hDJI"": 300}"
11297632.134218749,406918.4623437492,2021-12-27,twoma_strategy,"{""hDJI"": 300}"
11326381.743593749,406918.4623437492,2021-12-28,twoma_strategy,"{""hDJI"": 300}"
11344749.863281248,11344749.863281248,2021-12-29,twoma_strategy,{}
11344749.863281248,11344749.863281248,2021-12-29,bulin_strategy,{}
11344749.863281248,11344749.863281248,2021-12-30,bulin_strategy,{}
11344749.863281248,11344749.863281248,2021-12-31,bulin_strategy,{}
11344749.863281248,11344749.863281248,2022-01-03,bulin_strategy,{}
11344749.863281248,11344749.863281248,2022-01-04,bulin_strategy,{}
11344749.863281248,11344749.863281248,2022-01-05,bulin_strategy,{}
11344749.863281248,11344749.863281248,2022-01-06,bulin_strategy,{}
11344749.863281248,11344749.863281248,2022-01-07,bulin_strategy,{}
11344749.863281248,11344749.863281248,2022-01-10,bulin_strategy,{}
11344749.863281248,11344749.863281248,2022-01-11,bulin_strategy,{}
11344749.863281248,11344749.863281248,2022-01-12,bulin_strategy,{}
11344749.863281248,11344749.863281248,2022-01-13,bulin_strategy,{}
11344749.863281248,11344749.863281248,2022-01-14,bulin_strategy,{}
11344749.863281248,11344749.863281248,2022-01-18,bulin_strategy,{}
11344749.863281248,11344749.863281248,2022-01-19,bulin_strategy,{}
11342666.939843748,928049.7523437481,2022-01-20,bulin_strategy,"{""hDJI"": 300}"
11207661.080468748,928049.7523437481,2022-01-21,bulin_strategy,"{""hDJI"": 300}"
11237399.752343748,928049.7523437481,2022-01-24,bulin_strategy,"{""hDJI"": 300}"
11217368.892968748,928049.7523437481,2022-01-25,bulin_strategy,"{""hDJI"": 300}"
11178476.705468748,928049.7523437481,2022-01-26,bulin_strategy,"{""hDJI"": 300}"
11176284.127343748,928049.7523437481,2022-01-27,bulin_strategy,"{""hDJI"": 300}"
11345690.377343748,928049.7523437481,2022-01-28,bulin_strategy,"{""hDJI"": 300}"
11467607.564843748,928049.7523437481,2022-01-31,bulin_strategy,"{""hDJI"": 300}"
11549621.236718748,928049.7523437481,2022-02-01,bulin_strategy,"{""hDJI"": 300}"
11616848.189843748,928049.7523437481,2022-02-02,bulin_strategy,"{""hDJI"": 300}"
11461397.799218748,928049.7523437481,2022-02-03,bulin_strategy,"{""hDJI"": 300}"
11454971.236718748,928049.7523437481,2022-02-04,bulin_strategy,"{""hDJI"": 300}"
11455388.424218748,928049.7523437481,2022-02-07,bulin_strategy,"{""hDJI"": 300}"
11566884.127343748,928049.7523437481,2022-02-08,bulin_strategy,"{""hDJI"": 300}"
11658467.330468748,928049.7523437481,2022-02-09,bulin_strategy,"{""hDJI"": 300}"
11500526.705468748,928049.7523437481,2022-02-10,bulin_strategy,"{""hDJI"": 300}"
11349467.330468748,928049.7523437481,2022-02-11,bulin_strategy,"{""hDJI"": 300}"
11297901.314843748,928049.7523437481,2022-02-14,bulin_strategy,"{""hDJI"": 300}"
11424701.705468748,928049.7523437481,2022-02-15,bulin_strategy,"{""hDJI"": 300}"
11408330.611718748,928049.7523437481,2022-02-16,bulin_strategy,"{""hDJI"": 300}"
11221659.127343748,928049.7523437481,2022-02-17,bulin_strategy,"{""hDJI"": 300}"
11151803.658593748,928049.7523437481,2022-02-18,bulin_strategy,"{""hDJI"": 300}"
11007032.564843748,928049.7523437481,2022-02-22,bulin_strategy,"{""hDJI"": 300}"
10867578.267968748,928049.7523437481,2022-02-23,bulin_strategy,"{""hDJI"": 300}"
10895198.189843748,928049.7523437481,2022-02-24,bulin_strategy,"{""hDJI"": 300}"
11145674.752343748,928049.7523437481,2022-02-25,bulin_strategy,"{""hDJI"": 300}"
11095830.221093748,928049.7523437481,2022-02-28,bulin_strategy,"{""hDJI"": 300}"
10916534.517968748,928049.7523437481,2022-03-01,bulin_strategy,"{""hDJI"": 300}"
11095455.221093748,928049.7523437481,2022-03-02,bulin_strategy,"{""hDJI"": 300}"
11066447.799218748,928049.7523437481,2022-03-03,bulin_strategy,"{""hDJI"": 300}"
11012489.986718748,928049.7523437481,2022-03-04,bulin_strategy,"{""hDJI"": 300}"
10773263.424218748,928049.7523437481,2022-03-07,bulin_strategy,"{""hDJI"": 300}"
10717841.939843748,928049.7523437481,2022-03-08,bulin_strategy,"{""hDJI"": 300}"
10913924.752343748,928049.7523437481,2022-03-09,bulin_strategy,"{""hDJI"": 300}"
10880270.846093748,928049.7523437481,2022-03-10,bulin_strategy,"{""hDJI"": 300}"
10811307.174218748,928049.7523437481,2022-03-11,bulin_strategy,"{""hDJI"": 300}"
10811621.236718748,928049.7523437481,2022-03-14,bulin_strategy,"{""hDJI"": 300}"
10991351.705468748,928049.7523437481,2022-03-15,bulin_strategy,"{""hDJI"": 300}"
11146980.221093748,928049.7523437481,2022-03-16,bulin_strategy,"{""hDJI"": 300}"
11272278.267968748,928049.7523437481,2022-03-17,bulin_strategy,"{""hDJI"": 300}"
11354528.658593748,928049.7523437481,2022-03-18,bulin_strategy,"{""hDJI"": 300}"
11285653.519531248,11285653.519531248,2022-03-21,bulin_strategy,{}
11285653.519531248,11285653.519531248,2022-03-21,bulin_strategy,{}
11285653.519531248,11285653.519531248,2022-03-22,bulin_strategy,{}
11285653.519531248,11285653.519531248,2022-03-23,bulin_strategy,{}
11285653.519531248,11285653.519531248,2022-03-24,bulin_strategy,{}
11285653.519531248,11285653.519531248,2022-03-25,bulin_strategy,{}
11285653.519531248,11285653.519531248,2022-03-28,bulin_strategy,{}
11285653.519531248,11285653.519531248,2022-03-29,bulin_strategy,{}
11285653.519531248,11285653.519531248,2022-03-30,bulin_strategy,{}
11285653.519531248,11285653.519531248,2022-03-31,bulin_strategy,{}
11285653.519531248,11285653.519531248,2022-04-01,bulin_strategy,{}
11285653.519531248,11285653.519531248,2022-04-04,bulin_strategy,{}
11285653.519531248,11285653.519531248,2022-04-05,bulin_strategy,{}
11285653.519531248,11285653.519531248,2022-04-06,bulin_strategy,{}
11285653.519531248,11285653.519531248,2022-04-07,bulin_strategy,{}
11285653.519531248,11285653.519531248,2022-04-08,bulin_strategy,{}
11285653.519531248,11285653.519531248,2022-04-11,bulin_strategy,{}
11285653.519531248,11285653.519531248,2022-04-12,bulin_strategy,{}
11285653.519531248,11285653.519531248,2022-04-13,bulin_strategy,{}
11285653.519531248,11285653.519531248,2022-04-14,bulin_strategy,{}
11285653.519531248,11285653.519531248,2022-04-18,bulin_strategy,{}
11285653.519531248,11285653.519531248,2022-04-19,bulin_strategy,{}
11285653.519531248,11285653.519531248,2022-04-20,bulin_strategy,{}
11285653.519531248,11285653.519531248,2022-04-21,bulin_strategy,{}
11285653.519531248,11285653.519531248,2022-04-22,bulin_strategy,{}
11283610.551874999,1068772.270624998,2022-04-25,bulin_strategy,"{""hDJI"": 300}"
11040826.176874999,1068772.270624998,2022-04-26,bulin_strategy,"{""hDJI"": 300}"
11059351.176874999,1068772.270624998,2022-04-27,bulin_strategy,"{""hDJI"": 300}"
11243689.458124999,1068772.270624998,2022-04-28,bulin_strategy,"{""hDJI"": 300}"
10961935.551874999,1068772.270624998,2022-04-29,bulin_strategy,"{""hDJI"": 300}"
10987222.270624999,1068772.270624998,2022-05-02,bulin_strategy,"{""hDJI"": 300}"
11007408.989374999,1068772.270624998,2022-05-03,bulin_strategy,"{""hDJI"": 300}"
11287089.848749999,1068772.270624998,2022-05-04,bulin_strategy,"{""hDJI"": 300}"
10968162.895624999,1068772.270624998,2022-05-05,bulin_strategy,"{""hDJI"": 300}"
10938583.598749999,1068772.270624998,2022-05-06,bulin_strategy,"{""hDJI"": 300}"
10742482.036249999,1068772.270624998,2022-05-09,bulin_strategy,"{""hDJI"": 300}"
10716994.340937499,1068772.270624998,2022-05-10,bulin_strategy,"{""hDJI"": 300}"
10619005.083124999,1068772.270624998,2022-05-11,bulin_strategy,"{""hDJI"": 300}"
10587862.504999999,1068772.270624998,2022-05-12,bulin_strategy,"{""hDJI"": 300}"
10727770.317499999,1068772.270624998,2022-05-13,bulin_strategy,"{""hDJI"": 300}"
10735798.247187499,1068772.270624998,2022-05-16,bulin_strategy,"{""hDJI"": 300}"
10865149.223749999,1068772.270624998,2022-05-17,bulin_strategy,"{""hDJI"": 300}"
10515793.364374999,1068772.270624998,2022-05-18,bulin_strategy,"{""hDJI"": 300}"
10444711.528437499,1068772.270624998,2022-05-19,bulin_strategy,"{""hDJI"": 300}"
10447342.387812499,1068772.270624998,2022-05-20,bulin_strategy,"{""hDJI"": 300}"
10632844.340937499,1068772.270624998,2022-05-23,bulin_strategy,"{""hDJI"": 300}"
10647358.012812499,1068772.270624998,2022-05-24,bulin_strategy,"{""hDJI"": 300}"
10704856.059687499,1068772.270624998,2022-05-25,bulin_strategy,"{""hDJI"": 300}"
10859929.106562499,1068772.270624998,2022-05-26,bulin_strategy,"{""hDJI"": 300}"
11032660.551874999,1068772.270624998,2022-05-27,bulin_strategy,"{""hDJI"": 300}"
10965808.598749999,1068772.270624998,2022-05-31,bulin_strategy,"{""hDJI"": 300}"
10912741.411249999,1068772.270624998,2022-06-01,bulin_strategy,"{""hDJI"": 300}"
11043256.645624999,1068772.270624998,2022-06-02,bulin_strategy,"{""hDJI"": 300}"
10938682.036249999,1068772.270624998,2022-06-03,bulin_strategy,"{""hDJI"": 300}"
10943506.645624999,1068772.270624998,2022-06-06,bulin_strategy,"{""hDJI"": 300}"
11022814.458124999,1068772.270624998,2022-06-07,bulin_strategy,"{""hDJI"": 300}"
10942041.801874999,1068772.270624998,2022-06-08,bulin_strategy,"{""hDJI"": 300}"
10750608.989374999,1068772.270624998,2022-06-09,bulin_strategy,"{""hDJI"": 300}"
10486608.989374999,1068772.270624998,2022-06-10,bulin_strategy,"{""hDJI"": 300}"
10223794.340937499,1068772.270624998,2022-06-13,bulin_strategy,"{""hDJI"": 300}"
10178221.294062499,1068772.270624998,2022-06-14,bulin_strategy,"{""hDJI"": 300}"
10178221.294062499,1068772.270624999,2022-06-14,bulin_strategy,"{""hDJI"": 300}"
10269331.059687499,1068772.270624999,2022-06-15,bulin_strategy,"{""hDJI"": 300}"
10046893.364374999,1068772.270624999,2022-06-16,bulin_strategy,"{""hDJI"": 300}"
10035406.059687499,1068772.270624999,2022-06-17,bulin_strategy,"{""hDJI"": 300}"
10227847.270624999,1068772.270624999,2022-06-21,bulin_strategy,"{""hDJI"": 300}"
10213711.528437499,1068772.270624999,2022-06-22,bulin_strategy,"{""hDJI"": 300}"
10271980.083124999,1068772.270624999,2022-06-23,bulin_strategy,"{""hDJI"": 300}"
10518976.176874999,1068772.270624999,2022-06-24,bulin_strategy,"{""hDJI"": 300}"
10500250.200312499,1068772.270624999,2022-06-27,bulin_strategy,"{""hDJI"": 300}"
10352869.340937499,1068772.270624999,2022-06-28,bulin_strategy,"{""hDJI"": 300}"
10377565.434687499,1068772.270624999,2022-06-29,bulin_strategy,"{""hDJI"": 300}"
10301401.176874999,1068772.270624999,2022-06-30,bulin_strategy,"{""hDJI"": 300}"
10397950.200312499,1068772.270624999,2022-07-01,bulin_strategy,"{""hDJI"": 300}"
10359118.364374999,1068772.270624999,2022-07-05,bulin_strategy,"{""hDJI"": 300}"
10380076.176874999,1068772.270624999,2022-07-06,bulin_strategy,"{""hDJI"": 300}"
10484137.504999999,1068772.270624999,2022-07-07,bulin_strategy,"{""hDJI"": 300}"
10470217.387812499,1068772.270624999,2022-07-08,bulin_strategy,"{""hDJI"": 300}"
10420924.223749999,1068772.270624999,2022-07-11,bulin_strategy,"{""hDJI"": 300}"
10363171.294062499,1068772.270624999,2022-07-12,bulin_strategy,"{""hDJI"": 300}"
10300608.989374999,1068772.270624999,2022-07-13,bulin_strategy,"{""hDJI"": 300}"
10257823.247187499,1068772.270624999,2022-07-14,bulin_strategy,"{""hDJI"": 300}"
10455250.200312499,1068772.270624999,2022-07-15,bulin_strategy,"{""hDJI"": 300}"
10390555.083124999,1068772.270624999,2022-07-18,bulin_strategy,"{""hDJI"": 300}"
10616887.504999999,1068772.270624999,2022-07-19,bulin_strategy,"{""hDJI"": 300}"
10623574.2621875,10623574.2621875,2022-07-20,bulin_strategy,{}
10623574.2621875,10623574.2621875,2022-07-20,bulin_strategy,{}
10623574.2621875,10623574.2621875,2022-07-21,bulin_strategy,{}
10623574.2621875,10623574.2621875,2022-07-22,bulin_strategy,{}
10623574.2621875,10623574.2621875,2022-07-25,bulin_strategy,{}
10623574.2621875,10623574.2621875,2022-07-26,bulin_strategy,{}
10623574.2621875,10623574.2621875,2022-07-27,bulin_strategy,{}
10623574.2621875,10623574.2621875,2022-07-28,bulin_strategy,{}
10623574.2621875,10623574.2621875,2022-07-29,bulin_strategy,{}
10623574.2621875,10623574.2621875,2022-08-01,bulin_strategy,{}
10623574.2621875,10623574.2621875,2022-08-02,bulin_strategy,{}
10623574.2621875,10623574.2621875,2022-08-03,bulin_strategy,{}
10623574.2621875,10623574.2621875,2022-08-04,bulin_strategy,{}
10623574.2621875,10623574.2621875,2022-08-05,bulin_strategy,{}
10623574.2621875,10623574.2621875,2022-08-08,bulin_strategy,{}
10623574.2621875,10623574.2621875,2022-08-09,bulin_strategy,{}
10623574.2621875,10623574.2621875,2022-08-10,bulin_strategy,{}
10623574.2621875,10623574.2621875,2022-08-11,bulin_strategy,{}
10623574.2621875,10623574.2621875,2022-08-12,bulin_strategy,{}
10623574.2621875,10623574.2621875,2022-08-15,bulin_strategy,{}
10623574.2621875,10623574.2621875,2022-08-16,bulin_strategy,{}
10623574.2621875,10623574.2621875,2022-08-17,bulin_strategy,{}
10623574.2621875,10623574.2621875,2022-08-18,bulin_strategy,{}
10623574.2621875,10623574.2621875,2022-08-19,bulin_strategy,{}
10623574.2621875,10623574.2621875,2022-08-22,bulin_strategy,{}
10623574.2621875,10623574.2621875,2022-08-23,bulin_strategy,{}
10623574.2621875,10623574.2621875,2022-08-24,bulin_strategy,{}
10623574.2621875,10623574.2621875,2022-08-25,bulin_strategy,{}
10623574.2621875,10623574.2621875,2022-08-26,bulin_strategy,{}
10623574.2621875,10623574.2621875,2022-08-29,bulin_strategy,{}
10623574.2621875,10623574.2621875,2022-08-30,bulin_strategy,{}
10621683.63640625,1168554.7301562496,2022-08-31,bulin_strategy,"{""hDJI"": 300}"
10665480.70671875,1168554.7301562496,2022-09-01,bulin_strategy,"{""hDJI"": 300}"
10564086.56609375,1168554.7301562496,2022-09-02,bulin_strategy,"{""hDJI"": 300}"
10512144.96453125,1168554.7301562496,2022-09-06,bulin_strategy,"{""hDJI"": 300}"
10642938.51921875,1168554.7301562496,2022-09-07,bulin_strategy,"{""hDJI"": 300}"
10700910.58953125,1168554.7301562496,2022-09-08,bulin_strategy,"{""hDJI"": 300}"
10814068.01140625,1168554.7301562496,2022-09-09,bulin_strategy,"{""hDJI"": 300}"
10882956.68328125,1168554.7301562496,2022-09-12,bulin_strategy,"{""hDJI"": 300}"
10500045.94109375,1168554.7301562496,2022-09-13,bulin_strategy,"{""hDJI"": 300}"
10509081.68328125,1168554.7301562496,2022-09-14,bulin_strategy,"{""hDJI"": 300}"
10457100.82390625,1168554.7301562496,2022-09-15,bulin_strategy,"{""hDJI"": 300}"
10415280.70671875,1168554.7301562496,2022-09-16,bulin_strategy,"{""hDJI"": 300}"
10474458.63640625,1168554.7301562496,2022-09-19,bulin_strategy,"{""hDJI"": 300}"
10380423.87078125,1168554.7301562496,2022-09-20,bulin_strategy,"{""hDJI"": 300}"
10223688.51921875,1168554.7301562496,2022-09-21,bulin_strategy,"{""hDJI"": 300}"
10191558.63640625,1168554.7301562496,2022-09-22,bulin_strategy,"{""hDJI"": 300}"
10045677.77703125,1168554.7301562496,2022-09-23,bulin_strategy,"{""hDJI"": 300}"
9946797.89421875,1168554.7301562496,2022-09-26,bulin_strategy,"{""hDJI"": 300}"
9909051.80046875,1168554.7301562496,2022-09-27,bulin_strategy,"{""hDJI"": 300}"
10073676.80046875,1168554.7301562496,2022-09-28,bulin_strategy,"{""hDJI"": 300}"
9936237.54265625,1168554.7301562496,2022-09-29,bulin_strategy,"{""hDJI"": 300}"
9786207.65984375,1168554.7301562496,2022-09-30,bulin_strategy,"{""hDJI"": 300}"
10015821.91765625,1168554.7301562496,2022-10-03,bulin_strategy,"{""hDJI"": 300}"
10263450.82390625,1168554.7301562496,2022-10-04,bulin_strategy,"{""hDJI"": 300}"
10250715.47234375,1168554.7301562496,2022-10-05,bulin_strategy,"{""hDJI"": 300}"
10146636.56609375,1168554.7301562496,2022-10-06,bulin_strategy,"{""hDJI"": 300}"
9957591.44890625,1168554.7301562496,2022-10-07,bulin_strategy,"{""hDJI"": 300}"
9929418.98796875,1168554.7301562496,2022-10-10,bulin_strategy,"{""hDJI"": 300}"
9940311.56609375,1168554.7301562496,2022-10-11,bulin_strategy,"{""hDJI"": 300}"
9931809.61296875,1168554.7301562496,2022-10-12,bulin_strategy,"{""hDJI"": 300}"
9931809.61296875,1168554.7301562503,2022-10-12,bulin_strategy,"{""hDJI"": 300}"
10180170.94109375,1168554.7301562503,2022-10-13,bulin_strategy,"{""hDJI"": 300}"
10059003.75359375,1168554.7301562503,2022-10-14,bulin_strategy,"{""hDJI"": 300}"
10224300.82390625,1168554.7301562503,2022-10-17,bulin_strategy,"{""hDJI"": 300}"
10325694.96453125,1168554.7301562503,2022-10-18,bulin_strategy,"{""hDJI"": 300}"
10295697.89421875,1168554.7301562503,2022-10-19,bulin_strategy,"{""hDJI"": 300}"
10268631.68328125,1168554.7301562503,2022-10-20,bulin_strategy,"{""hDJI"": 300}"
10493322.89421875,1168554.7301562503,2022-10-21,bulin_strategy,"{""hDJI"": 300}"
10610880.56375,10610880.56375,2022-10-24,bulin_strategy,{}
10610880.56375,10610880.56375,2022-10-24,rsi_strategy,{}
10610880.56375,10610880.56375,2022-10-25,rsi_strategy,{}
10610880.56375,10610880.56375,2022-10-26,rsi_strategy,{}
10610880.56375,10610880.56375,2022-10-27,rsi_strategy,{}
10610880.56375,10610880.56375,2022-10-28,rsi_strategy,{}
10610880.56375,10610880.56375,2022-10-31,rsi_strategy,{}
10610880.56375,10610880.56375,2022-11-01,rsi_strategy,{}
10610880.56375,10610880.56375,2022-11-02,rsi_strategy,{}
10610880.56375,10610880.56375,2022-11-03,rsi_strategy,{}
10610880.56375,10610880.56375,2022-11-04,rsi_strategy,{}
10610880.56375,10610880.56375,2022-11-07,rsi_strategy,{}
10610880.56375,10610880.56375,2022-11-08,rsi_strategy,{}
10610880.56375,10610880.56375,2022-11-09,rsi_strategy,{}
10610880.56375,10610880.56375,2022-11-10,rsi_strategy,{}
10610880.56375,10610880.56375,2022-11-11,rsi_strategy,{}
10610880.56375,10610880.56375,2022-11-14,rsi_strategy,{}
10610880.56375,10610880.56375,2022-11-15,rsi_strategy,{}
10610880.56375,10610880.56375,2022-11-16,rsi_strategy,{}
10610880.56375,10610880.56375,2022-11-17,rsi_strategy,{}
10610880.56375,10610880.56375,2022-11-18,rsi_strategy,{}
10610880.56375,10610880.56375,2022-11-21,rsi_strategy,{}
10610880.56375,10610880.56375,2022-11-22,rsi_strategy,{}
10610880.56375,10610880.56375,2022-11-23,rsi_strategy,{}
10610880.56375,10610880.56375,2022-11-25,rsi_strategy,{}
10610880.56375,10610880.56375,2022-11-28,rsi_strategy,{}
10610880.56375,10610880.56375,2022-11-29,rsi_strategy,{}
10610880.56375,10610880.56375,2022-11-30,rsi_strategy,{}
10610880.56375,10610880.56375,2022-12-01,rsi_strategy,{}
10610880.56375,10610880.56375,2022-12-02,rsi_strategy,{}
10610880.56375,10610880.56375,2022-12-05,rsi_strategy,{}
10610880.56375,10610880.56375,2022-12-06,rsi_strategy,{}
10610880.56375,10610880.56375,2022-12-07,rsi_strategy,{}
10610880.56375,10610880.56375,2022-12-08,rsi_strategy,{}
10610880.56375,10610880.56375,2022-12-09,rsi_strategy,{}
10610880.56375,10610880.56375,2022-12-12,rsi_strategy,{}
10610880.56375,10610880.56375,2022-12-13,rsi_strategy,{}
10610880.56375,10610880.56375,2022-12-14,rsi_strategy,{}
10610880.56375,10610880.56375,2022-12-15,rsi_strategy,{}
10610880.56375,10610880.56375,2022-12-16,rsi_strategy,{}
10610880.56375,10610880.56375,2022-12-19,rsi_strategy,{}
10610880.56375,10610880.56375,2022-12-20,rsi_strategy,{}
10608877.974921875,595933.8342968756,2022-12-21,rsi_strategy,"{""hDJI"": 300}"
10504180.318671875,595933.8342968756,2022-12-22,rsi_strategy,"{""hDJI"": 300}"
10557112.740546875,595933.8342968756,2022-12-23,rsi_strategy,"{""hDJI"": 300}"
10568401.412421875,595933.8342968756,2022-12-27,rsi_strategy,"{""hDJI"": 300}"
10458647.115546875,595933.8342968756,2022-12-28,rsi_strategy,"{""hDJI"": 300}"
10562174.068671875,595933.8342968756,2022-12-29,rsi_strategy,"{""hDJI"": 300}"
10540108.834296875,595933.8342968756,2022-12-30,rsi_strategy,"{""hDJI"": 300}"
