open,high,low,close,volume,amount,DIF,DEA,MACD,K,D,J,BIAS1,BIAS2,BIAS3,UPPER,MID,LOWER,PSY,PSYMA,CCI,ATR,BBI,PDI,MDI,ADX,ADXR,UP,DOWN,TRIX,TRMA,VR,EMV,MAEMV,DPO,MADPO,AR,BR,DFMA_DIF,DFMA_DMA,MTM,MTMMA,MASS,MA_MASS,ROC,MAROC,EMA1,EMA2,OBV,MFI,ASI,ASIT,XSII_TD1,XSII_TD2,XSII_TD3,XSII_TD4,sar_x,SarX
3480.5639,3559.0654,3476.9373,3554.0139,5248868900.0,91200352101.0,0.0,0.0,0.0,0.0,0.0,0.0,0.0,0.0,0.0,0.0,3530.005533333333,0.0,0.0,0.0,0.0,0.0,0.0,0.0,0.0,0.0,0.0,0.0,0.0,0.0,0.0,0.0,0.0,0.0,0.0,0.0,0.0,0.0,0.0,0.0,0.0,0.0,0.0,0.0,0.0,0.0,3554.0139,3554.0139,0.0,0.0,0.0,0.0,0.0,0.0,3802.7948730000003,3305.2329269999996,0.0,3476.9373
3555.5954,3568.7242,3527.1245,3545.3401,3944280600.0,71352289814.0,-0.692,-0.138,-1.107,0.0,0.0,0.0,0.0,0.0,0.0,0.0,3531.630047619047,0.0,0.0,0.0,0.0,0.0,0.0,0.0,0.0,0.0,0.0,0.0,0.0,-0.0008886898337313552,0.0,0.0,0.0,0.0,0.0,0.0,0.0,0.0,0.0,0.0,0.0,0.0,0.0,0.0,0.0,0.0,3552.679469230769,3553.6737509803925,-394428.06,0.0,0.0,0.0,0.0,0.0,3793.513907,3297.1662929999998,0.0,3476.9373
3545.2791,3550.1047,3519.4256,3536.8144,3586787100.0,64650049329.0,-1.906,-0.492,-2.829,0.0,0.0,0.0,0.0,0.0,0.0,0.0,3531.993684353741,0.0,0.0,0.0,0.0,0.0,0.0,0.0,0.0,0.0,0.0,0.0,0.0,-0.0031294487545576056,0.0,0.0,0.0,0.0,0.0,0.0,0.0,0.0,0.0,0.0,0.0,0.0,0.0,0.0,0.0,0.0,3550.238689349112,3553.0125999615534,-753106.77,0.0,0.0,0.0,0.0,0.0,3784.3914080000004,3289.237392,0.0,3480.608776
3535.9378,3546.7128,3504.4339,3541.5209,3323861700.0,68848489662.0,-2.46,-0.886,-3.15,0.0,0.0,0.0,0.0,0.0,0.0,0.0,3531.88849536767,0.0,0.0,0.0,0.0,0.0,0.0,0.0,0.0,0.0,0.0,0.0,0.0,-0.005553082219095129,0.0,0.0,0.0,0.0,0.0,0.0,0.0,0.0,0.0,0.0,0.0,0.0,0.0,0.0,0.0,0.0,3548.89749098771,3552.5619450611002,-420720.6,0.0,0.0,0.0,0.0,0.0,3789.4273630000002,3293.6144369999997,0.0,3484.13339296
3547.9306,3548.7778,3495.6505,3509.9419,3545074500.0,74234250173.0,-5.386,-1.786,-7.2,0.0,0.0,0.0,0.0,0.0,0.0,0.0,3530.5775339040824,0.0,0.0,0.0,0.0,0.0,0.0,0.0,0.0,0.0,0.0,0.0,0.0,-0.011148887265561179,0.0,0.0,0.0,0.0,0.0,0.0,0.0,0.0,0.0,0.0,0.0,0.0,0.0,0.0,0.0,0.0,3542.904323143447,3550.890570744979,-775228.05,0.0,0.0,0.0,3604.2831741,3462.9387359,3755.6378330000002,3264.2459669999994,0.0,3487.5170252416
3512.8571,3529.353,3490.8861,3499.0572,2893594100.0,64329952448.0,-8.485,-3.125,-10.718,0.0,0.0,0.0,-0.908,0.0,0.0,0.0,3528.2779687703605,0.0,0.0,0.0,0.0,0.0,0.0,0.0,0.0,0.0,0.0,0.0,0.0,-0.019386278952785437,0.0,0.0,0.0,0.0,0.0,0.0,0.0,0.0,0.0,0.0,0.0,0.0,0.0,0.0,0.0,0.0,3536.1586118906093,3548.8578895392934,-1064587.46,0.0,0.0,0.0,3597.8736470999993,3456.780562899999,3743.9912040000004,3254.123196,0.0,3490.765312231936
3511.7581,3517.9161,3467.9951,3468.5269,3065472700.0,61382484940.0,-13.251,-5.151,-16.201,0.0,0.0,0.0,-1.375,0.0,0.0,0.0,3524.1384193636595,0.0,0.0,0.0,0.0,0.0,0.0,0.0,0.0,0.0,0.0,0.0,0.0,-0.031761241951672375,0.0,0.0,0.0,0.0,0.0,0.0,0.0,0.0,0.0,0.0,0.0,0.0,0.0,0.0,0.0,0.0,3525.7537331382077,3545.7076546553994,-1371134.73,0.0,0.0,0.0,3584.4318882,3443.8659317999995,3711.323783,3225.730017,0.0,3566.7096180000003
3464.9419,3478.9057,3442.1525,3459.0346,2922844300.0,57283741671.0,-17.592,-7.639,-19.906,0.0,0.0,0.0,-1.24,0.0,0.0,0.0,3518.0329445036286,0.0,0.0,0.0,0.0,0.0,0.0,0.0,0.0,0.0,0.0,0.0,0.0,-0.04672039634834851,0.0,0.0,0.0,0.0,0.0,0.0,0.0,0.0,0.0,0.0,0.0,0.0,0.0,0.0,0.0,0.0,3515.489251116945,3542.3087113355796,-1663419.16,0.0,0.0,0.0,3568.9262714999995,3428.9683784999997,3701.167022,3216.902178,0.0,3561.7273332800005
3473.8739,3477.4658,3404.9293,3427.8565,3890638700.0,74533297054.0,-23.28,-10.767,-25.025,13.997505416835345,13.997505416835345,13.997505416835345,-1.621,0.0,0.0,0.0,3510.29176248741,0.0,0.0,0.0,0.0,0.0,0.0,0.0,0.0,0.0,0.0,0.0,0.0,-0.06533331510433707,0.0,0.0,0.0,0.0,0.0,0.0,0.0,0.0,0.0,0.0,0.0,0.0,0.0,0.0,0.0,0.0,3502.0072894066457,3537.82038932242,-2052483.03,0.0,0.0,0.0,3548.7261711,3409.5604389000005,3667.806455,3187.906545,0.0,3552.3194512832006
3443.0277,3472.1168,3435.3069,3467.7669,2498221800.0,69626860399.0,-24.287,-13.471,-21.631,22.11953282224706,16.704847885305917,32.94890269612934,-0.123,0.0,0.0,0.0,3505.3493914568626,0.0,0.0,0.0,0.0,0.0,0.0,0.0,0.0,0.0,0.0,0.0,0.0,-0.08066276206760309,0.0,0.0,0.0,0.0,0.0,0.0,0.0,0.0,0.0,0.0,0.0,0.0,0.0,0.0,0.0,0.0,3496.7395371902385,3535.073193662717,-1802660.85,0.0,0.0,0.0,3537.4370865000005,3398.7140635,3710.510583,3225.023217,0.0,3543.4760422062086
3466.4917,3476.8771,3443.861,3468.8286,2615418200.0,70666981437.0,-24.714,-15.72,-17.989,29.41810171366428,20.94259916142537,46.3691068181421,0.105,0.0,0.0,3589.861906556209,3501.334106556209,3412.806306556209,0.0,0.0,0.0,0.0,0.0,0.0,0.0,0.0,0.0,0.0,0.0,-0.09263817993148638,0.0,0.0,0.0,0.0,0.0,0.0,0.0,0.0,0.0,0.0,0.0,0.0,0.0,0.0,0.0,0.0,3492.4455468532788,3532.4753664602576,-1541119.03,0.0,0.0,0.0,3529.2792183,3390.8761117,3711.646602,3226.010598,3568.7242,3535.163237673836
3480.9266,3494.6464,3469.5518,3485.4049,2246253000.0,62162165112.0,-23.445,-17.265,-12.361,38.26029841283501,26.71516557856192,61.3505640813812,0.65,-0.332,0.0,3584.9785672016496,3499.6071472016497,3414.2357272016498,33.333,0.0,0.0,0.0,0.0,0.0,0.0,0.0,0.0,0.0,0.0,-0.09978876990702239,0.0,0.0,0.0,0.0,0.0,0.0,0.0,0.0,0.0,0.0,0.0,0.0,0.0,0.0,0.0,0.0,3491.3623704143124,3530.629465814757,-1316493.73,0.0,0.0,0.0,3529.8934113,3391.4662187000004,3729.383243,3241.426557,3565.4483020000002,3527.349201413406
3497.3913,3543.7345,3491.919,3539.5401,2709120100.0,79778025449.0,-17.865,-17.385,-0.961,56.6995903617983,36.70997383964071,96.67882340611348,1.865,1.251,0.0,3592.933180166572,3502.0316601665722,3411.1301401665723,41.667,0.0,0.0,0.0,0.0,0.0,0.0,0.0,0.0,0.0,0.0,-0.0976286738292484,0.0,0.0,0.0,0.0,0.0,0.0,0.0,0.0,0.0,0.0,-14.473799999999756,0.0,0.0,0.0,-0.40725220573841187,0.0,3498.7743288121105,3530.9789024494726,-1045581.72,0.0,0.0,0.0,3543.9493326,3404.9709274000006,3787.3079070000003,3291.772293,3562.23792196,3469.5518
3529.0228,3538.5651,3493.296,3507.9743,2627780000.0,71633942391.0,-15.808,-17.069,2.523,62.545437683350386,45.32179512087727,96.99272280829663,0.72,0.438,0.0,3594.7973445951525,3503.1027845951526,3411.4082245951527,41.667,0.0,30.598207277792824,0.0,0.0,0.0,0.0,0.0,0.0,0.0,0.0,-0.09284371485138793,0.0,0.0,0.0,0.0,0.0,0.0,0.0,0.0,0.0,0.0,-37.365800000000036,0.0,0.0,0.0,-1.0539412001686392,0.0,3500.189708994863,3530.0767611769443,-1308359.72,35.170879939967904,0.0,0.0,3559.7441142000002,3420.1463058000004,3753.532501,3262.4160989999996,3559.0917495208,3471.0354540000003
3505.9056,3531.4189,3481.263,3522.262,2671759500.0,78726944693.0,-12.876,-16.231,6.709,69.87378468397917,53.50579164191124,102.60977076811501,0.675,0.882,0.0,3595.0168914591063,3503.916611459106,3412.816331459106,50.0,0.0,31.051038540626845,0.0,0.0,13.042085000571321,21.539013046497807,0.0,0.0,0.0,0.0,-0.08495684219385634,0.0,0.0,0.0,0.0,0.0,0.0,0.0,0.0,0.0,0.0,-14.552400000000034,0.0,0.0,0.0,-0.4114550087785221,0.0,3503.585446072577,3529.770299954319,-1041183.77,32.95442436488575,0.0,0.0,3570.6707826,3430.6444774,3768.82034,3275.70366,3556.008500530384,3472.4894349200003
3519.0501,3526.1124,3467.5324,3470.9024,3487845900.0,95554575234.0,-14.53,-15.891,2.722,62.42561353521178,56.47906560634476,74.31870939294583,-0.807,-0.421,0.0,3597.541015129668,3502.4181151296675,3407.295215129667,41.667,0.0,-14.721836807885657,0.0,0.0,11.187351669494879,23.112542404970444,0.0,0.0,0.0,0.0,-0.08067634217196203,0.0,0.0,0.0,0.0,0.0,0.0,0.0,0.0,0.0,0.0,-70.61850000000004,0.0,0.0,0.0,-1.9940161866615003,0.0,3498.5572851383345,3527.4617548580713,-1389968.36,23.849352722469746,0.0,0.0,3574.6005519000005,3434.4201381000003,3713.865568,3227.9392319999997,3552.9869165197765,3542.210458
3483.188,3516.0239,3473.0965,3494.5868,2723877500.0,80717057529.0,-13.77,-15.466,3.393,63.147849273071344,58.701993495253625,72.03956082870677,-0.253,0.295,0.0,3595.83358670462,3501.67058670462,3407.50758670462,50.0,43.056,10.119351418927335,0.0,0.0,10.940529241038695,21.42651240259263,0.0,0.0,0.0,0.0,-0.07612159259753393,0.0,0.0,0.0,0.0,0.0,0.0,0.0,0.0,0.0,0.0,-15.355099999999766,0.0,0.0,0.0,-0.43747447785388605,0.0,3497.9464412708985,3526.1725409420687,-1117580.61,30.988672145573545,0.0,0.0,3576.8081379,3436.5411521,3739.2078760000004,3249.9657239999997,3550.025764189381,3540.71689684
3495.8485,3521.0377,3474.016,3489.2742,2011957100.0,64344686337.0,-13.442,-15.062,3.239,58.68945263531218,58.697813208606476,58.67273148872357,-0.423,0.166,0.0,3597.2306562248154,3501.013956224815,3404.7972562248146,50.0,45.833,20.37102663749764,0.0,0.0,11.622246026742312,18.998686437394046,0.0,0.0,0.0,0.0,-0.07196273348801845,0.0,0.0,0.0,0.0,0.0,0.0,0.0,0.0,0.0,0.0,-9.783000000000357,-27.024766666666665,0.0,0.0,-0.2795895991640364,-0.7639547797274994,3496.6122503061447,3524.7255471796348,-1318776.32,37.08786809556611,0.0,0.0,3569.6104263,3429.6257037000005,3733.523394,3245.025006,3547.1238349055934,3539.2532069032
3476.5528,3514.5138,3468.403,3512.4862,2105465600.0,65661287082.0,-11.18,-14.285,6.211,62.03034203449259,59.808656150568524,66.47371380234071,0.369,0.726,0.0,3591.7030124573726,3500.771452457372,3409.8398924573717,58.333,48.611,39.16505226846585,0.0,0.0,11.747254556475069,18.717028080953494,0.0,0.0,0.0,0.0,-0.06564662412637028,0.0,0.0,0.0,0.0,0.0,0.0,0.0,0.0,0.0,0.0,43.959299999999985,-17.285916666666708,0.0,0.0,1.2673766491475096,-0.48484997057984575,3499.0543964128915,3524.2455727804336,-1108229.76,43.993866993009085,0.0,0.0,3567.5744808,3427.6695992,3758.360234,3266.6121659999994,3544.2799442074815,3537.818790765136
3514.712,3548.5321,3503.972,3523.8369,2641329900.0,75670329606.0,-8.375,-13.103,9.457,64.52422330528205,61.38051186880637,70.8116461782334,0.617,0.896,0.0,3594.113024604289,3503.121504604289,3412.129984604289,66.667,52.778,119.72446003378317,0.0,3501.1414129166665,16.80513270535326,17.820216193525056,23.60586842931059,0.0,3568.7242,3404.9293,-0.05700732220448459,0.0,0.0,0.0,0.0,0.0,0.0,0.0,0.0,0.0,0.0,64.80229999999983,-0.2579000000000633,0.0,0.0,1.8734215610332383,0.003043822953800531,3502.8670892724467,3524.229546396887,-844096.77,51.257764155640615,0.0,0.0,3569.7660527999997,3429.7752271999993,3758.442778333825,3266.683910140614,3542.100483323332,3468.403
3533.1259,3539.6681,3513.6554,3517.35,2601459000.0,73295610481.0,-6.599,-11.802,10.406,63.51729475920571,62.09277283227283,66.36633861307149,0.455,0.495,0.0,3594.658661626103,3505.0678216261026,3415.4769816261023,66.667,55.556,96.01984523957502,44.52965999999999,3504.6825454166665,17.438338852200566,14.884062810914052,20.827781087418167,0.0,3568.7242,3404.9293,-0.04796977755762715,-0.05659123376783448,0.0,0.0,0.0,0.0,0.0,0.0,0.0,0.0,0.0,89.49350000000004,17.08308333333328,0.0,0.0,2.6107714835787332,0.5067482383466765,3505.095229384378,3523.959760263676,-1104242.67,51.84773574106279,0.0,0.0,3577.5473217,3437.2513482999993,3758.4758417684448,3266.7126475183672,3443.861,3470.005582
3513.7859,3574.2063,3512.3138,3574.1307,2678723400.0,77252184878.0,-0.603,-9.562,17.919,75.65457310809893,66.61337292421487,93.73697347586705,1.578,1.86,0.0,3606.490977344252,3509.6851973442517,3412.8794173442516,66.667,59.722,156.57531962660647,45.54429999999998,3516.69656125,22.00953340177259,10.399272594532139,21.0039434677452,0.0,3574.2063,3404.9293,-0.03320611444832508,-0.05820710499856417,0.0,0.0,0.0,0.0,0.0,0.0,0.0,0.0,0.0,106.36380000000008,46.5801333333333,0.0,0.0,3.067213081709733,1.3502864497418818,3515.7160710175503,3525.9272480964732,-836370.33,59.341476044075165,0.0,0.0,3590.6281842,3449.8192358,3759.5637057666713,3267.658174171032,3448.0478439999997,3474.17361072
3581.4493,3646.7531,3581.3638,3640.6389,3657484600.0,100746203514.0,9.407,-5.769,30.351,82.63253277712775,71.95309287518583,103.99141258101159,2.757,3.333,0.0,3620.1336709305133,3520.4693309305135,3420.8049909305137,66.667,62.5,264.2820961498493,47.64146499999997,3537.3927529166667,33.00284731006116,4.755864193086581,28.072623599062496,0.0,3646.7531,3404.9293,-0.008891269983469452,-0.05849519606000976,0.0,0.0,0.0,0.0,0.0,0.0,0.0,0.0,0.0,171.8103000000001,77.77436666666661,0.0,0.0,4.9529774979369146,2.248695112373682,3534.934967784081,3530.4257442495527,-470621.87,69.50984458365635,0.0,0.0,3617.9536067999998,3476.0730732,3764.2662804671086,3271.7454587237485,3455.6173513599997,3484.5283800767997
3632.6913,3659.1678,3608.3417,3643.3592,4354664400.0,116996098319.0,17.359,-1.143,37.005,85.67191820772841,76.52603465270003,103.96368531778515,2.094,3.026,3.602,3632.144061635544,3531.563321635544,3430.982581635544,66.667,65.278,215.87839651358217,48.06882499999999,3558.8774212499998,34.54083699315916,4.709000132520643,36.72520022378151,0.0,3659.1678,3404.9293,0.019976727921188188,-0.05721870555299559,0.0,0.0,0.0,0.0,0.0,0.0,0.0,0.0,0.0,157.95429999999988,105.73058333333331,0.0,0.0,4.531878060996583,3.0506063890671187,3551.6156188942223,3534.8545072201587,-35155.43,71.09770421710176,0.0,0.0,3645.8168805,3502.8436695000005,3769.1337809566703,3275.9760899903767,3470.9082112511996,3498.4995336706556
3627.6453,3683.3634,3620.5578,3683.3634,4723374300.0,130233796458.0,26.583,4.402,44.362,90.44794547181894,81.16667159240635,109.01049323064416,2.398,3.805,4.579,3647.1373233845397,3544.02664338454,3440.91596338454,66.667,66.667,179.4119704848269,48.552740000000014,3580.2641170833335,35.854692308929884,4.507479376550067,45.85625416487482,0.0,3683.3634,3404.9293,0.05382043490959583,-0.05397023944423773,0.0,0.0,0.0,0.0,0.0,0.0,0.0,0.0,0.0,143.82330000000002,122.37458333333332,0.0,0.0,4.06333297368209,3.516599109822882,3571.884508295111,3540.678385368388,437182.0,72.72409308012332,0.0,0.0,3674.9108555999996,3530.7967044,3776.361539225309,3282.2581602612495,3489.73417012608,3516.9859203035903
3688.9529,3736.648,3670.5407,3736.648,4516610600.0,125368281927.0,37.758,11.073,53.369,93.6319636478793,85.32176894423067,110.2523530551766,2.865,4.744,5.853,3664.88903004633,3560.27289004633,3455.6567500463298,75.0,68.056,178.46667756715462,49.934760000000026,3604.865925,38.71589563306299,4.260865467673873,58.729535056093276,41.16770174270194,3736.648,3404.9293,0.09380738370198059,-0.048310556311499435,125.7056480335004,0.0,0.0,0.0,0.0,117.57397109796347,0.0,0.0,0.0,228.67370000000028,149.6864833333334,0.0,0.0,6.518682306195923,4.290809234016662,3597.232737788171,3548.363468295118,888843.06,74.29549515916618,0.0,0.0,3715.3263768000006,3569.6273032000004,3788.1984026733576,3292.546275220768,3512.9696777109502,3543.3453698671597
3750.8769,3808.0695,3729.9875,3808.0695,4291806300.0,127100876695.0,51.78,19.215,65.13,95.75464243191954,88.79939344012696,109.66514041550468,3.451,6.038,7.532,3692.602013533981,3581.393773533981,3470.185533533981,75.0,69.444,176.1251676497606,51.34281000000003,3640.9037012500003,40.65813238691579,4.149560658325477,70.99217865265081,45.90997987003449,3808.0695,3404.9293,0.14194508945845052,-0.039625239740993294,138.1176999626407,0.47941680072429477,0.0,0.0,0.0,110.60771441827544,131.99483181705597,0.0,0.0,285.8074999999999,182.40548333333336,0.0,0.0,8.114316879323567,5.208066799974135,3629.669162743837,3558.5480185580545,1318023.69,75.35512873223357,3025.462041290481,0.0,3762.2165163,3614.6786137,3807.560948531818,3309.3754038641036,3544.2846428314174,3580.4067480857575
3815.568,3833.8627,3752.085,3788.3191,4158564400.0,129477191760.0,60.6,27.492,66.217,92.56787378388385,90.0555535547126,97.59251424222637,1.926,4.717,6.664,3719.5559271656653,3601.3964871656653,3483.2370471656654,75.0,70.833,141.87748319427587,53.594035000000055,3669.3034304166667,42.091281499774546,3.9633117727535927,78.81955110721788,49.91174728748154,3833.8627,3404.9293,0.1892644417318806,-0.027825997836981836,137.26703399191754,0.5369529184667756,0.0,0.0,0.0,105.29969879232195,127.3012387516041,0.0,0.0,317.4167000000002,217.58096666666674,0.0,0.0,9.145077084276418,6.221044133735249,3654.0768453986316,3567.558649202837,902167.25,81.78512256317984,2973.020072809936,0.0,3795.5292675,3646.6849825,3823.118207404276,3322.8971335382953,3586.4902199783905,3620.959700392036
3794.8301,3849.6794,3763.1501,3776.5293,4745100000.0,133463536511.0,65.879,35.169,61.42,87.81766977195119,89.30959229379214,84.83382472826932,0.993,3.718,6.001,3746.216431562586,3619.973291562586,3493.730151562586,66.667,70.833,119.72227030509785,54.29367500000005,3688.521184166667,42.15246983363432,2.336043355851726,81.26772379906454,54.67017369906352,3849.6794,3435.3069,0.23102622670386494,-0.013008020746571739,132.8443159495053,0.5899935258297996,0.0,0.0,0.0,112.17788391541919,137.1997283557577,0.0,0.0,281.9425000000001,235.9363333333334,0.0,0.0,8.067978165544496,6.740210911669846,3672.9156845680727,3575.7535766850788,427657.25,87.96518533087973,2829.083340765201,0.0,3826.7239376999996,3676.6563322999996,3835.8168254574935,3333.934250163989,3631.0172663822805,3662.1292463214695
3764.6493,3906.1225,3764.6493,3906.1225,4817586700.0,140450394806.0,79.603,44.056,71.094,91.87844651463413,90.1658770340728,95.30358547575682,3.25,6.263,9.119,3788.3601444296414,3642.7343844296415,3497.1086244296416,75.0,72.222,133.293263983053,59.154320000000055,3721.804522916667,44.51283389990739,0.6161747349916535,84.81177028771026,60.76848525574589,3906.1225,3443.861,0.2791253977333467,0.00498138724347575,136.99928468251892,0.6999251317651193,0.0,404.8740149999999,0.0,139.55091304094051,163.55649595674853,0.0,0.0,416.8483000000001,279.08533333333344,0.0,0.0,11.946561837989119,7.975991541168603,3708.793656172985,3588.7092207366445,909415.92,95.00965022718965,5399.838896520042,0.0,3868.1547465,3716.4624034999997,3861.2094102376295,3356.004440673827,3674.7496931058245,3710.9278970571754
3913.999,3931.9451,3844.2802,3873.2285,5527384900.0,147747548687.0,86.824,52.609,68.428,89.00284607513467,89.7782000477601,87.45213812988379,1.531,4.513,7.692,3823.587430356977,3665.631230356977,3507.675030356977,66.667,72.222,122.47666721657437,61.886760000000024,3749.3618154166666,45.2349551325488,0.5886817671108946,88.10607545742465,66.98116481114974,3931.9451,3467.5324,0.3233580589033389,0.025781199185217013,129.83988056660786,0.790416682529406,0.0,373.8132100000007,0.0,138.39117292005747,162.24631600846035,0.0,0.0,360.74230000000034,315.23850000000016,0.0,0.0,10.270283766524132,9.01048333997561,3734.0913244540643,3599.866839531286,356677.43,95.31435829911455,6479.214818325179,0.0,3900.9068241,3747.9300859,3881.2045553341723,3373.3833985614765,3721.0242544846597,3755.13133764574
3863.0972,3866.9494,3800.7934,3811.2242,5086885900.0,141810909103.0,86.545,59.397,54.297,80.2334969278037,86.59663234110796,67.50722610119519,-0.419,2.18,5.538,3840.999864926154,3680.935144926154,3520.870424926154,58.333,69.444,77.40835948341625,64.21762500000003,3765.4203754166665,43.548414612855616,5.015815205582392,87.96812161093744,73.34882833351536,3931.9451,3467.5324,0.35469942265851545,0.0485056088134939,122.7428058127466,0.7054973717554754,0.0,310.36938000000055,0.0,128.0862360124324,145.4235350626381,0.0,0.0,287.3873000000003,325.02410000000015,0.0,0.0,8.155522180949985,9.283289985767953,3745.9579206919007,3608.155363471236,-152011.16,86.2393242599766,5140.930565370987,0.0,3907.8425792999997,3754.5938506999996,3891.0181134672,3381.912939742519,3763.208423587728,3790.494090116592
3825.5412,3866.0073,3789.4757,3817.9345,5563524300.0,144481907994.0,85.876,64.693,42.367,74.61774447856862,82.60366972026152,58.64589399518283,-0.286,1.677,5.25,3855.451929218901,3694.605369218901,3533.758809218901,66.667,68.056,67.39445898572592,65.12772500000003,3768.2245241666665,42.23587056836752,5.429841165417744,87.25789445530734,79.12503655397907,3931.9451,3467.5324,0.37552105068996605,0.07216309503945463,147.90755404596945,0.7126025253040539,0.0,311.8884549999998,0.0,134.81241340534694,153.39092203283153,0.0,0.0,300.58449999999993,327.4869333333335,0.0,0.0,8.54576598859937,9.355198170647254,3757.0312405854543,3616.3819962762855,404341.27,77.51604185130641,5337.8231302945005,0.0,3914.4096504,3760.9033895999996,3899.9393919689546,3389.666948159932,3796.9557588701823,3929.095712
3807.9917,3873.4491,3796.4321,3849.3982,4224838400.0,121227239779.0,86.883,69.131,35.505,72.55241744151604,79.25325229401304,59.15074773652205,0.269,1.892,5.654,3874.514340721863,3708.4296007218627,3542.3448607218625,66.667,66.667,67.85710215418963,66.66637,3778.7861666666668,38.3689260296873,5.2606727694419355,86.10726250870981,82.46340680796385,3931.9451,3467.5324,0.3903878137945113,0.09632467147174958,172.94722271451886,0.6561524790520037,0.0,338.26024000000007,0.0,145.13632639502575,161.93115510255697,0.0,0.0,275.2674999999999,320.4620666666668,0.0,0.0,7.7016629526167,9.114629148703967,3771.241542033846,3625.519886618392,826825.11,78.19488613854855,6353.228195359658,0.0,3924.7519149000004,3770.8400751000004,3910.0855692458276,3398.485588223009,3931.9451,3926.30331176
3855.7473,3862.1058,3792.5948,3808.694,4274705600.0,123416506307.0,83.435,71.992,22.887,61.35887632086047,73.28846030296219,37.49970835665701,-0.93,0.443,4.132,3886.588938113431,3719.163118113431,3551.7372981134313,58.333,65.278,48.95521923090105,67.634125,3786.9970604166665,36.83108356706038,5.403401181837972,83.5929550476368,82.43033942335067,3931.9451,3467.5324,0.3950591539813549,0.12032547128051015,171.02311883822767,0.6421857961745792,0.6459048035112785,288.8849650000002,338.0150441666669,146.8831253092607,160.2999166978874,0.0,0.0,168.05510000000004,301.48083333333346,0.0,0.0,4.6160881267296245,8.539314142234822,3777.003458644024,3632.7031851823767,399354.55,75.82044365120146,6883.216905050753,0.0,3913.9945767,3760.5045932999997,3915.9890264296855,3403.6166304482313,3925.717354,3923.5667595247996
3813.9062,3838.3132,3790.5383,3814.6537,3437234300.0,105285957410.0,80.258,73.645,13.227,52.50172636383348,66.35954898991929,24.786081111661844,-0.38,0.223,3.906,3892.0023262296127,3728.2429862296126,3564.4836462296125,58.333,62.5,37.417618666322944,67.09387,3790.7779870833338,34.09212888368203,5.6666051444693375,79.29724973817461,82.05451001294244,3931.9451,3468.403,0.3923985810786605,0.14397921744304126,173.74318467464744,0.576843068588286,0.6567299443850554,282.9651249999997,317.6968958333335,142.66123649158212,153.4311925164968,0.0,0.0,171.29449999999997,260.55520000000007,0.0,0.0,4.701553994456543,7.3318128349793925,3782.79580346802,3639.83849948895,743077.98,70.71169567158799,6491.144248623994,5091.296221441073,3900.5038833000003,3747.5429467000004,3920.9571697480337,3407.9347363230568,3920.61382092,3920.8849383343036
3833.7837,3874.6652,3812.8064,3850.0559,3673022900.0,119776906641.0,79.679,74.852,9.654,52.163152153335,61.62741671105786,33.234623037889264,0.646,0.785,4.502,3899.957639922031,3739.4429399220307,3578.9282399220306,58.333,61.111,65.910786992028,67.93073499999998,3797.783394583333,31.024849713950736,5.724124370694114,74.53337804120842,81.31972674931654,3931.9451,3468.403,0.3875755094092311,0.16716407254337953,176.80678011443868,0.48507589837312975,0.650965831041317,301.3901949999995,305.6263933333333,147.6878115709477,167.2153249570721,0.0,0.0,166.69249999999965,228.21356666666665,0.0,0.0,4.525551293689882,6.374357422840351,3793.1435106267863,3648.0823191168347,1110380.27,70.81825825834079,6779.469357435515,5466.696953055576,3905.4708855000003,3752.3151645000007,3927.6619987239806,3413.762297956356,3916.8012945016,3918.2567535676176
3851.1337,3862.8948,3823.326,3846.3945,3825948000.0,119198772455.0,78.024,75.486,5.077,51.06299249598175,58.10594197269916,36.97709354254694,0.397,0.449,4.004,3901.493208500885,3749.420288500885,3597.347368500885,50.0,59.722,58.897567295533456,67.55808999999999,3809.1409212500002,30.174423326138772,5.785544540790281,72.6131651039686,80.29064335745302,3931.9451,3468.403,0.37991920981649197,0.18975816970860507,153.30913950491043,0.45708951420743194,0.6361987186388317,281.2645699999998,300.7755916666665,143.7734989652356,158.22516112821248,0.0,0.0,109.74649999999974,198.60676666666654,0.0,0.0,2.937030729145473,5.504608847539598,3801.335970530358,3655.859267386763,727785.47,64.53660673200798,6690.250083943342,5838.419954168918,3909.9414333,3756.6103967,3932.9724569903774,3418.377929907524,3913.506968611568,3915.681132496265
3843.4923,3903.1884,3828.747,3898.1473,3733650100.0,136340715179.0,79.968,76.383,7.17,59.46771214547139,58.55986536362324,61.283405709167695,1.394,1.601,4.959,3911.1969565801655,3761.5416165801657,3611.886276580166,50.0,56.944,115.95185125254099,68.97461999999999,3826.1383058333336,31.361007491706438,5.7220819157350356,71.26685464752377,79.26237455141555,3931.9451,3503.972,0.3747719685080919,0.21177909934032818,155.98082998128794,0.47771711955203205,0.6115089395040442,315.5837300000003,301.39147083333324,143.77655837207587,153.75624463069101,0.0,0.0,90.07780000000002,163.52231666666657,0.0,0.0,2.365445273517199,4.474555395025903,3816.2300212179953,3665.360758861792,1101150.48,64.11313750709849,6536.13588339675,6209.125208432072,3918.0786056999996,3764.4284642999996,3940.8042099030395,3425.184967485819,3910.499831239337,3913.1570238463396
3878.2543,3878.2543,3809.6558,3813.2902,2958442000.0,100532288564.0,73.81,75.868,-4.117,46.62603860949183,54.5819231122461,30.71426960398327,-0.658,-0.665,2.281,3907.4760276995153,3768.417027699515,3629.358027699515,50.0,54.167,6.865218791209229,71.17119,3825.7083949999997,25.793532093033143,7.366382275813691,67.88114039566833,76.99420145218906,3931.9451,3512.3138,0.36159786544081784,0.23270935872259324,154.64734472458412,0.3354447976918659,0.5609565078554286,208.80885000000035,279.81623916666666,135.800703958771,144.49549544026772,0.0,0.0,24.97109999999975,121.80624999999986,0.0,0.0,0.6591604176110653,3.300804972524965,3815.7777410306117,3671.1619134162315,805306.28,58.36195454737204,5743.664324516103,6243.507751231678,3920.2411026,3766.5061573999997,3942.8641145728375,3426.9753519184474,3907.58282061455,3910.683397369413
3818.4218,3831.6177,3790.8094,3818.2682,2870605400.0,92127165903.0,68.541,74.403,-11.723,39.52415599775904,49.56266740741708,19.447133178442954,-0.569,-0.625,2.046,3902.404524109085,3772.716844109085,3643.029164109085,58.333,54.167,-63.457740188702076,71.91096999999999,3828.3944995833335,19.883954570465956,9.430868734424033,61.422081697589924,72.50751837261336,3931.9451,3512.3138,0.34361348004295583,0.2522885216026224,155.1614467844351,0.14863592290272523,0.4990830135384564,193.56685500000003,263.92988749999995,133.51447892293092,144.63832065027827,0.0,0.0,41.73889999999983,100.75354999999983,26.98353405372181,0.0,1.1052184872496509,2.715660032611636,3816.1608885643636,3676.9307873999087,1092366.82,52.54036314816497,5278.538829233585,6123.440152322519,3920.2821371999994,3766.5455827999995,3943.87426728164,3427.853335113948,3905.220678202259,3908.2592434220246
3771.7856,3779.4065,3720.1167,3735.0337,3004120600.0,94780804520.0,56.992,70.92,-27.857,29.065495211529836,42.73027667545467,1.735932283680171,-2.4,-2.429,-0.451,3904.8940380034574,3770.0630780034576,3635.232118003458,50.0,52.778,-233.73073041179157,73.72391999999999,3809.931137083333,17.149310247150034,15.940450585747904,50.11512031882009,64.70618502849734,3931.9451,3581.3638,0.31443539239452545,0.2696705969447649,157.12653036325125,-0.037992716428287894,0.4156835422348629,94.04138999999986,232.4425983333333,133.56434824158833,135.63847620071226,0.0,0.0,-171.0888,43.689666666666504,26.775461860012648,0.0,-4.380016243730195,1.202064992913846,3803.679782631384,3679.209332992069,791954.76,46.48878680761738,4771.471559905331,6086.494251775954,3898.9645044,3746.0639356,3944.6167564946245,3428.498676205608,3900.5908790741687,3900.733541685144
3758.8879,3767.0142,3675.4903,3713.2471,3274233000.0,104087890534.0,45.557,65.848,-40.582,24.904315656636125,36.78828966918182,1.1363676315447293,-2.387,-2.659,-1.252,3902.9897159713823,3765.1602959713823,3627.3308759713823,50.0,51.389,-234.5988870256222,74.66899500000002,3793.468502083333,15.587051191944413,20.047282183334598,40.72665937212459,57.630018706666505,3931.9451,3608.3417,0.277162670624653,0.28397329397517107,138.15186479772908,-0.1512405466697478,0.3259732060435571,58.33507000000054,191.93341083333348,118.01577144303388,123.90285296159512,0.0,0.0,-159.98140000000012,-10.755983333333461,26.667799167902793,0.0,-4.130440535589369,-0.2406003119660293,3789.767062226556,3680.544147384537,464531.46,39.388551440772936,4080.3946842786595,5960.751407174369,3872.9539383,3721.0733917,3945.2356912338287,3429.036628829402,3889.7624283297187,3887.218947184035
3712.7833,3747.7291,3699.1968,3746.3717,2948901600.0,86971859971.0,38.72,60.422,-43.404,26.97939466576228,33.51865800137531,13.900867994536227,-1.083,-1.652,-0.616,3894.048862069346,3761.916382069346,3629.7839020693464,58.333,52.778,-154.4425748489575,74.554305,3783.246072916667,11.280792272693159,21.959620696061112,34.777282039335965,53.69522357165228,3931.9451,3620.5578,0.2396950659180675,0.2949592108750151,152.67015201727972,-0.2349897476709588,0.22850925672738626,74.3884750000002,157.4540616666669,120.513033426326,125.93274348325724,0.0,0.0,-64.85249999999996,-39.85581666666675,26.538722092206662,0.0,-1.7016186032823775,-1.0137085340373377,3783.0908526532394,3683.125620036124,759421.62,37.17624348754326,4085.2874485818043,5733.957332496584,3842.9373426,3692.2339174,3946.399004546071,3430.0477329232203,3876.9061006299357,3874.5152283529933
3751.7405,3774.0606,3731.5151,3771.47,2885874800.0,93715928225.0,34.925,55.323,-40.795,32.03698787866975,33.024767960473454,30.061427715062337,0.138,-0.892,-0.231,3888.379462189726,3761.640082189726,3634.900702189726,58.333,54.167,-81.4372452144791,73.54129999999998,3781.1375325,11.883329552268796,23.025929205558896,28.57388558831534,49.92037011791955,3931.9451,3670.5407,0.20611204426817614,0.30257379134294404,154.64803248807277,-0.2714749500990025,0.1342516990954653,85.16517499999964,119.05096916666677,116.70291466734784,127.20537244865451,0.0,0.0,-46.464500000000044,-62.612866666666754,26.411274878641834,0.0,-1.217006211080888,-1.610783781470352,3781.3030291681257,3686.5901055249037,1048009.1,33.79574650025128,4118.434372750366,5457.479079266545,3829.3726278000004,3679.2011522000003,3947.4986699910396,3431.0035169080993,3864.8211525921397,3862.5737326518138
3768.7147,3796.4323,3747.3757,3775.7224,3160919300.0,106637885843.0,31.893,50.637,-37.488,36.031236886901674,34.02692426928286,40.03986212213931,0.418,-0.62,-0.34,3889.7345372192754,3762.7388172192755,3635.7430972192756,58.333,55.556,-48.202518023875676,72.68876499999996,3783.732,14.659823312336668,18.819356884990942,21.382832340008335,44.63198636783833,3931.9451,3675.4903,0.1766898658707851,0.30671791545138427,155.96488744966354,-0.16231084990771724,0.062319838175371206,72.23000999999977,96.28782916666667,114.40272259797386,123.35803618838585,0.0,0.0,-73.67579999999998,-79.05401666666671,26.301269193307988,26.61301020763229,-1.913956316600345,-2.039636570505587,3780.4444708345677,3690.0854896219666,1364101.03,41.42387452101459,3940.046612470765,5202.369315651222,3821.0233821,3671.1793279000003,3948.404113135934,3431.7904908564656,3853.4613014366114,3851.348726692705
3764.4252,3820.3358,3759.4344,3801.6178,3316378000.0,114788317162.0,31.219,46.753,-31.068,42.48496636495848,36.84627163450807,53.7623558258593,1.181,0.077,0.167,3892.500884150773,3765.696644150773,3638.892404150773,66.667,56.944,-11.373268004338525,71.82973499999996,3787.414007916667,17.60246124700884,17.878404539112125,15.569449553919844,38.495765625754885,3931.9451,3675.4903,0.15353929166765026,0.3072976255618443,175.97211494557087,-0.11730937952480515,-0.001502261128210686,80.35195499999963,77.4186791666666,122.76380689870632,125.9836158750556,0.0,0.0,-7.076199999999972,-87.18986666666667,26.23666871321261,26.488532650880753,-0.18579071986355353,-2.2548047716911213,3783.701906090788,3694.459305715223,1695738.83,50.36277910488036,4467.098556474983,4971.132235555169,3831.907557300001,3681.636672700001,3948.8748935414337,3432.1996738257317,3842.783041350415,3840.7972210911425
3819.8013,3876.68,3808.1706,3840.7663,4158374600.0,106277495835.0,33.459,44.094,-21.271,55.49381454967164,43.06211927289593,80.35720510322307,1.746,1.05,0.979,3906.8543885173663,3772.9514685173663,3639.0485485173663,66.667,59.722,67.23397598351268,71.49395999999994,3798.793827083334,23.146813301673287,17.917751082182598,17.08286352433091,33.598991921575504,3931.9451,3675.4903,0.13889479318763193,0.30477914313463184,179.98686400893976,-0.03887439386821655,-0.058901318174904974,101.64443999999958,78.68585416666656,120.75903985224608,129.03610640920527,0.0,0.0,26.11259999999993,-54.322966666666694,26.141310442060444,26.38284074788872,0.6845339591376258,-1.4107130712131513,3792.481043615282,3700.1968349028616,2111576.29,50.295127418822474,4287.164654941934,4730.823692655028,3857.2741668,3706.0085131999995,3950.063061259691,3433.2323803472077,3832.74547686939,3759.4344
3856.943,3896.5356,3835.0996,3890.4654,3333989300.0,98196386298.0,38.797,43.035,-8.476,69.41383172069715,51.846023422163,104.54944831776544,2.262,2.267,2.054,3913.8801718331724,3782.578331833173,3651.276491833173,66.667,62.5,105.37263298233655,70.23929499999994,3818.005905416667,25.615100372878334,17.646157242416095,18.066836844930837,29.39674810852771,3931.9451,3675.4903,0.13462747595511998,0.2999592055971946,179.10912170542983,0.02011477523398466,-0.09393798733689178,132.06048499999952,90.97342333333306,114.42311594744253,126.05256740998378,0.0,0.0,40.40950000000021,-20.924483333333303,26.05494531088058,26.280698438385016,1.0495821632096358,-0.5473759547466504,3807.555559982162,3707.658347259612,2444975.22,58.54566002706021,3904.8016761368913,4467.690271929042,3886.4918984999995,3734.0804514999995,3953.3515435153513,3436.0905938965197,3675.4903,3764.918448
3900.8562,3952.9363,3871.7882,3952.8276,3274005900.0,97738059954.0,47.512,43.93,7.163,79.59616154874715,61.09606946435772,116.596345717526,2.97,3.664,3.446,3926.056479277632,3796.2233192776325,3666.390159277633,75.0,65.278,148.86384542650273,67.22303999999994,3842.0102212499996,30.853277021143228,16.77638618614484,17.638310510062073,26.20779627469902,3952.9363,3675.4903,0.14243221949570392,0.2931245466853124,176.17696262584633,0.15553487197176258,-0.09317143744033209,179.95002000000068,108.56701416666647,116.87153732793615,133.72656202418472,134.0127899999993,0.0,106.4331000000002,7.623116666666722,26.04306002858508,26.198088094448085,2.767087463337424,0.19740838968998317,3829.9051046002905,3717.272827759235,2772375.81,65.88749670587373,4494.662222888674,4342.790061766299,3921.2669625000003,3767.4917875,3961.384625238734,3443.0726181981518,3684.332112,3776.19951912
3967.677,4039.2311,3967.3622,4028.5289,3895860300.0,108571843530.0,59.837,47.112,25.451,85.41668770485379,69.20294221118975,117.84417869218188,3.784,5.349,5.174,3955.697812679762,3816.7456126797624,3677.7934126797627,75.0,68.056,199.97664400250042,67.15996999999996,3873.0254304166665,35.36998798598403,16.337430748845243,18.453214398779103,23.513549993547223,4039.2311,3675.4903,0.16379813465926182,0.2851465504731086,173.93166247914647,0.26303010951745603,-0.05972445677969386,240.60540999999967,134.47371999999982,119.77356895260323,143.66682520411962,145.54856000000018,0.0,130.3815999999997,37.09746666666668,26.00734527451284,26.130766493759925,3.344706855997969,0.9576939008697926,3860.462611584861,3729.478948239265,3161961.84,66.17455603685437,5058.968405467327,4320.833019389674,3970.6552758,3814.9433042,3978.4083109619924,3457.8689057893944,3700.44836328,3797.2420455904
4097.8661,4110.1797,3996.6283,4014.3241,5120308500.0,141365948227.0,67.679,51.225,32.907,82.50329153408435,73.63639198548796,100.23709063127714,2.369,4.52,4.546,3980.076054964229,3838.0438749642294,3696.0116949642297,75.0,70.833,174.56271209844778,69.21578499999994,3900.0156812500004,39.794750001383335,15.143140639981922,23.861137775021973,22.621985057515154,4110.1797,3675.4903,0.18994538598773358,0.2769088486395695,141.95494602544133,0.36444661736590767,-0.00242588299795437,218.35545999999977,158.82796166666648,104.84069828105929,143.78764002841257,164.0979199999997,0.0,201.0338999999999,82.88241666666666,25.962754915877074,26.074347447521436,5.271927638761926,2.1553412267635044,3884.133609802575,3740.649346347529,2649930.99,75.23720937330432,4228.164685625668,4266.502331961707,4019.2302462,3861.6133738,3994.4635221558756,3471.8234351448264,3727.5509822176,3828.53581103136
3994.8258,4023.8843,3956.9775,4014.4564,4289972600.0,123149830958.0,73.061,55.592,34.938,79.90913486928794,75.72730628008796,88.27279204768791,1.455,4.08,4.28,3990.42839925335,3853.3196392533505,3716.210879253351,75.0,72.222,114.86337817638987,68.73454499999994,3920.5634675,36.082005417518246,19.203967271898293,28.81961848214738,22.19453401803361,4110.1797,3675.4903,0.216544628519061,0.26896002753102427,141.9505775448438,0.22284381399455144,0.04844451274265788,214.85735000000022,181.2455274999999,99.84039833439202,127.80960735952902,184.66600999999991,0.0,196.18820000000005,116.75981666666667,25.89286750093897,26.017047245475833,5.138146136512884,3.0426640361595774,3904.183269832948,3751.3868778633123,3078928.25,66.43274234210315,2285.2732621959985,4086.9901897534414,4052.0432076,3893.1395524000004,4006.448155411996,3482.2399855450053,3758.161279640192,3856.700199928224
4020.0092,4020.0092,3879.4819,3881.8681,5872642700.0,146967568912.0,65.869,57.648,16.443,65.6295111908306,72.36137458366883,52.16578440515411,-2.066,0.325,0.863,4015.85597964192,3860.34821964192,3704.84045964192,75.0,73.611,52.2548418878576,71.91005999999993,3913.519232916667,34.30495039159353,23.785978730114145,29.71528711203376,23.399075318182334,4110.1797,3675.4903,0.2280753509981262,0.260844404391205,136.38143863751796,0.18615363678752145,0.0992921335078272,77.11842500000012,177.15785833333334,90.27352236252361,114.66860880352252,191.4087059999997,0.0,146.8344000000002,136.8801166666667,25.911319212157103,25.978715373825278,3.931273766017163,3.5837873373061675,3900.750166781725,3756.5037885353395,2491663.98,62.5201820582972,-650.8428150992731,3613.377163385333,4059.7269338999995,3900.5219561,4008.9318677634315,3484.3987261869074,3786.3227532689766,3879.4819
3854.1638,3942.087,3854.1638,3897.7164,4345561200.0,108962112281.0,60.748,58.268,4.961,56.89473737111845,67.20582884615204,36.27255442105127,-1.696,0.336,1.248,4028.516362215705,3863.9330622157054,3699.3497622157056,83.333,76.389,27.1076227311956,72.83066999999994,3909.05994,32.84049566641179,23.35695181266646,29.45776916478866,23.76230300485975,4110.1797,3675.4903,0.23045026979534466,0.2526139601819045,164.15673243634933,0.13957490213857318,0.13283499484630393,88.56139500000018,169.9080100000001,96.67382671304028,114.23083710272203,196.27785600000016,0.0,184.46929999999975,160.8900833333333,25.78696439702263,25.93405188818228,4.9678703041335375,4.236835360793484,3900.2834334306904,3762.041538004542,2926220.1,60.69286480532885,-1194.6962196207637,3082.0641041482204,4052.6534328,3893.7258472,4010.7202930149747,3485.9531518728277,3812.2313090074585,4105.0593819999995
3902.3629,3910.0097,3766.5957,3805.4719,3934393100.0,123595528168.0,48.685,56.351,-15.333,41.70145960409172,58.70437243213194,7.695633948011263,-3.424,-2.163,-1.142,4043.9046077189714,3860.4498277189714,3676.9950477189714,75.0,76.389,-29.112404827711668,77.61262499999995,3886.6212258333326,31.54673530779274,23.90558816264356,26.82856712687105,22.23343881846656,4110.1797,3675.4903,0.21746246273523986,0.24386715426473343,137.85914866617085,0.07973516128686368,0.15472883271426716,-5.63682499999959,138.97686916666672,72.56171118519471,89.94968771403849,193.1245119999994,0.0,59.10019999999986,153.00126666666657,25.763893492562925,25.887524132178594,1.5775316688410779,4.03857606171076,3885.697043672123,3763.7446894553445,2532780.79,59.58592700083291,-5128.25357064418,2175.2340858367256,4013.0722359,3855.6968540999997,4011.2423017080746,3486.406860363092,3836.067180286862,4091.5208347199996
3844.6156,3878.2076,3818.7136,3851.029,4668898600.0,118907087423.0,42.313,53.544,-22.461,35.992400299222815,51.13371505449557,5.709770788677304,-1.529,-1.16,0.005,4045.2111730155775,3859.3895330155774,3673.5678930155773,75.0,76.389,-21.822446273497235,78.15646999999997,3878.3251145833333,32.07118738850978,20.354273437721226,24.418815148437687,21.436014773608395,4110.1797,3675.4903,0.19964036295880114,0.23447039694221194,170.7596890543026,0.17772511935369284,0.1787954452944793,40.24285999999984,105.58311083333342,77.05611222786602,100.38934377827798,190.41559000000007,0.0,79.5590000000002,144.53083333333333,25.733910239345903,25.841951626317435,2.109495766902566,3.832707546861526,3880.3634984917962,3767.1676035943506,2999670.65,66.35093294921595,-5971.1797479197985,1131.4062553972478,3975.5119089000004,3819.6094811,4011.387155855828,3486.5327616317004,4110.1797,4078.5238293311995
3768.8968,3819.0379,3753.4425,3756.8597,4157310200.0,113710593454.0,29.327,48.7,-38.747,24.314234874718053,42.19388832790307,-11.445072031651975,-2.871,-3.538,-2.342,4041.8167155855226,3851.4902155855225,3661.1637155855224,66.667,75.0,-89.43860232647337,81.05735499999996,3854.347215,30.737038099277957,25.042753626998422,18.641603159292895,21.251370467157436,4110.1797,3675.4903,0.17034630940257214,0.223991751921516,175.11786832895103,0.07966320277608636,0.1854119372436017,-56.54880000000048,59.76573416666671,85.22407359178278,97.88287936823906,176.06842800000004,0.0,-18.86270000000013,107.88139999999999,25.677860867858648,25.79446928498103,-0.49957857071272327,2.870789845282417,3861.362914108443,3766.7633720808467,2583939.63,59.912693935872895,-5503.071379976237,152.3826519054307,3928.4095941,3774.3543159,4011.5601984700043,3486.6831631561718,4096.436339999999,4059.0189495713275
3793.3653,3795.0518,3747.5791,3787.8695,3365770700.0,98439375492.0,21.292,43.218,-43.854,19.913326405809748,34.76703435387196,-9.794089490314683,-1.104,-2.713,-1.514,4031.913889021822,3844.380049021822,3656.846209021822,66.667,73.611,-91.53136539252495,79.70891999999996,3841.7743320833333,28.385431137614304,25.43371673304197,14.46758608286043,21.643602282503906,4110.1797,3675.4903,0.13837802524966006,0.21217205475859435,169.08374790004234,0.010081249864252446,0.16925042367610055,-31.235805000000255,18.7502083333333,80.60275170280218,97.44192458279501,158.60857799999985,173.42289499999984,-13.7483000000002,72.89198333333327,25.578755446833554,25.742117275963462,-0.3616434035004834,1.9541582552801895,3850.0562350148366,3767.591063371794,2920516.7,60.25053310953609,-4731.887792870958,-711.2862949953542,3900.6218667000003,3747.6563033,4012.2639981979273,3487.2948769383847,4075.8567095999992,4034.1037616056215
3812.3503,3812.3503,3689.0111,3718.7739,3521619700.0,105470270155.0,9.242,36.423,-54.363,15.631123820211865,28.3883975093186,-9.88342355800161,-2.214,-4.238,-3.21,4030.41544721022,3834.44338721022,3638.47132721022,58.333,70.833,-118.96741780188154,81.45130499999996,3820.23452,24.932088797909724,28.58652360760579,12.587681753142455,21.151484432588106,4110.1797,3675.4903,0.09977991046917825,0.1990811570100124,143.5995814050725,-0.08907655641051682,0.1301274607952147,-102.66665999999987,-11.21397250000003,66.83913929440102,87.51790033782052,130.18306800000073,173.03992279999997,-121.99239999999963,28.08751666666664,25.55695841037427,25.683057142332988,-3.1762515725051963,0.7695706988597962,3829.8589527048616,3765.6766648081943,2568354.73,54.55101163457371,-6899.782648200488,-1850.7307821042705,3867.3303723000004,3715.6703576999994,4011.3533586572235,3486.503386496465,4049.594500831999,3999.5944954450592
3710.2632,3818.0719,3708.2309,3817.4128,3657957900.0,95188323404.0,7.564,30.651,-46.174,23.201875522377954,26.659556847005053,16.286512873123762,0.735,-1.544,-0.608,4030.035818269564,3829.376258269564,3628.716698269564,58.333,66.667,-81.64920412165644,84.90293999999997,3820.4020066666662,22.608027123008426,27.516408031039322,11.407180388782258,20.43247477678546,4110.1797,3675.4903,0.06866754374558452,0.18533386019514383,171.0643613517163,-0.09170979456672236,0.07944341502492247,-11.79278000000022,-27.93966833333343,80.15001466696981,99.90357661273326,102.09977399999889,168.69504419999984,-73.05259999999998,-14.832799999999983,25.57726432692155,25.64810713064948,-1.8777342165798463,-0.3713633879257676,3827.944159981037,3767.7055328549322,2934150.52,54.805006535755766,-6015.853105941475,-2958.2129332451505,3860.8829114999994,3709.4757385,4012.303846368337,3487.329511329489,4020.747828765439,3968.5361559005532
3769.973,3781.2754,3686.0903,3708.6606,3637371800.0,105814125810.0,-2.511,24.019,-53.061,17.720989043286433,23.680034245765512,5.802898638328273,-1.717,-3.844,-3.295,4023.682023196272,3819.468243196272,3615.254463196272,50.0,62.5,-111.06016344573499,86.56148999999998,3804.3509845833337,17.543261519678758,28.00480255357863,12.938591301728948,19.8835792143,4110.1797,3675.4903,0.033480889720416615,0.17128613506143836,146.48952444108477,-0.2510546405787215,0.0267880311834477,-130.699975,-48.78352666666683,74.69603843398558,87.37886168499034,67.06831000000102,158.99208319999997,-244.16699999999992,-65.37733333333328,25.65145663060792,25.629367653656974,-6.177021229056382,-1.6637888709086777,3809.5928430608774,3765.390045291994,2570413.34,48.18463967693054,-6064.867266609525,-3987.5161284686706,3834.6540041999992,3684.275415799999,4010.9547676374145,3486.156947572706,3987.574155888895,3934.6426531924867
3655.9072,3721.2755,3627.2889,3688.6818,3613758200.0,93870499432.0,-11.971,16.821,-57.583,18.31476255404629,21.891610348525774,11.161066965087322,-1.54,-3.654,-3.596,4015.7278711458334,3806.098131145833,3596.468391145833,41.667,56.944,-120.63160335037107,86.68462499999998,3787.69162875,15.71209142801475,31.563543823999908,14.80195675086892,19.610385949653303,4110.1797,3627.2889,-0.00394995341711448,0.15723050385935,125.59770425580874,-0.4290631772140935,-0.041569392594509515,-160.5048700000002,-82.24148166666684,76.3473635726837,77.78787516500348,31.50801599999977,143.67628379999996,-339.84709999999995,-135.27834999999996,25.73132578234472,25.62893691082344,-8.436009978729455,-3.4213731618473475,3790.9911441284344,3762.3818788099547,2209037.52,42.274061949440785,-7389.548488059023,-4954.9983034941715,3816.2801424,3666.6220976,4008.349405018971,3483.8924735211613,3951.3960931822276,3891.6131277455383
3713.4587,3732.779,3571.4154,3573.431,4175297800.0,109085323661.0,-28.439,7.769,-72.416,12.408269929831512,18.730496875627686,-0.23618396176083678,-3.832,-5.76,-6.364,4002.731036116071,3788.934036116071,3575.137036116071,41.667,52.778,-132.36602828182868,92.32619,3748.3699179166665,11.038192219586609,33.63311735373285,21.530604704748402,20.08610393202065,4110.1797,3571.4154,-0.051300738406749105,0.14268071364310916,124.58365197196095,-0.615091032549709,-0.12542116311542975,-277.3791650000003,-119.04654250000014,69.98226551671378,74.7961692716203,-0.6448280000004161,124.47093039999996,-440.8930999999998,-205.6167499999999,25.959287367858245,25.675841327490044,-10.982997112764258,-5.168609585522603,3757.52035272406,3754.9720404252507,1791507.74,36.101891667410065,-9410.048373373964,-5830.918859321641,3782.2471539,3633.9237360999996,3997.919044957552,3474.826833467778,3906.021086136716,3840.381491306252
3570.2561,3595.1858,3489.9697,3509.6137,4234406100.0,115782441789.0,-46.109,-3.007,-86.204,9.95877469319872,15.806589481484698,-1.736854883373237,-4.355,-6.405,-7.725,3981.6806348986674,3764.4250548986674,3547.1694748986674,33.333,47.222,-165.89473543629327,95.45972000000002,3706.3979245833334,5.127801439632988,38.65713483521049,33.37940803693626,23.923497059898345,4110.1797,3489.9697,-0.10757571189492993,0.12699632583495388,105.61883612104073,-1.0051601726669563,-0.24596508911029868,-345.6475850000006,-171.44850583333354,63.85975473220851,68.667950413567,-39.20213199999989,100.92293159999994,-504.84270000000015,-287.46581666666657,26.14705431139869,25.77055780491757,-12.575617959133899,-7.204272011461505,3719.380867689589,3745.3501447223,1368067.13,29.209607448580243,-12661.123723870362,-6977.5616097466,3739.6863126,3593.0319474000003,3979.497552675108,3458.8156298951867,3852.484176354841,3777.3073688711265
3563.5639,3572.374,3528.3165,3532.0523,2809628700.0,81698933681.0,-57.637,-13.933,-87.408,10.901987414759704,14.1717221259097,4.362517992459715,-2.92,-5.068,-6.928,3944.5806134797463,3743.4557734797463,3542.3309334797464,41.667,44.444,-139.53316511642663,96.14490500000002,3675.231694166667,0.39612419174664065,40.01648440472152,48.58128424653673,30.584482999839594,4110.1797,3489.9697,-0.16326881621536735,0.10999839173064625,118.94073352931484,-1.095592168725244,-0.38744478778573604,-322.74989499999947,-208.12904500000013,66.2052559178503,78.26928677787564,-67.76708999999892,74.83377140000012,-349.8158000000003,-325.43638333333337,26.328754395751105,25.89919046914704,-9.011532359896522,-8.17681880936006,3690.561088045037,3736.985523360641,1649030.0,25.635066339337243,-12424.779394935775,-7707.21419217576,3688.8733143000004,3544.2116157,3965.685079183137,3446.81039592553,3794.4818601380666,3725.586588474324
3554.6825,3633.7724,3554.6825,3625.3052,3105623000.0,87512288760.0,-58.573,-22.861,-71.425,21.017315245381795,16.453586499067065,30.144772738011255,0.527,-1.964,-4.378,3937.1518674340564,3730.230147434056,3523.308427434056,41.667,41.667,-87.0487713966292,98.18584000000003,3663.67092,4.537560890659916,36.394152062913605,59.92065723247651,35.66391881062938,4110.1797,3489.9697,-0.20573651443074858,0.09203460142572632,119.4683239751896,-0.9131872132529294,-0.49776150067784886,-229.54565000000048,-244.42119000000017,72.90687429948343,86.25844507533678,-92.95383800000036,46.49682860000007,-272.4112,-358.6628166666667,26.519999960481904,26.05631307474043,-6.988994889417815,-9.028695588166388,3680.521720653493,3732.6059028366944,1959592.3,31.794712500013674,-10579.899183892514,-8168.086135773032,3666.1466126999994,3522.3761572999997,3961.461941226238,3443.139818075141,3745.759914515976,3683.1755485489457
3647.5097,3647.5097,3600.3919,3632.5784,3513969900.0,84357911512.0,-58.059,-29.9,-56.317,28.499783238481385,20.46898541220517,44.56137889103381,1.084,-1.383,-4.067,3917.2101768847806,3720.3821968847806,3523.5542168847805,50.0,41.667,-60.45385917766224,96.78862000000004,3664.5435899999998,5.8347049244432485,33.25516905658704,67.7838398019326,40.361215551830774,4110.1797,3489.9697,-0.23613314581482736,0.07328320447560335,136.56681488311412,-0.7895704009453944,-0.586611684101143,-217.79570999999987,-258.9371458333335,72.56305640323603,93.42813804424486,-108.24805200000037,18.06518060000003,-172.89350000000013,-346.7839000000001,26.64996551556077,26.222731222232568,-4.5432867340315966,-8.756406505662257,3673.1458251683403,3728.683255666628,2310989.29,39.96164135184428,-8967.080995637016,-8514.487097339112,3655.2902630999997,3511.9455469000004,3958.3840648344917,3440.464654482315,3704.8334801934197,3648.3984958101355
3620.0419,3627.3069,3539.4859,3566.8773,3748883200.0,92278411785.0,-62.235,-36.367,-51.736,26.813233966060718,22.58373493015702,35.27223203786811,-0.18,-2.54,-5.589,3912.7634546417858,3706.811514641786,3500.859574641786,41.667,41.667,-81.68099745989842,98.37144500000002,3652.4058075000003,5.813021228516595,35.69007956038688,74.19345262692384,44.497704688896384,4110.1797,3489.9697,-0.2627650331014313,0.053413579022775784,135.02403405153026,-0.7707913551800715,-0.6623577728533158,-277.98291999999947,-278.5168208333334,72.6592127739097,88.25613210321026,-131.43509399999994,-10.939186599999948,-284.1516999999999,-337.5013333333334,26.739059271298885,26.390686803724936,-7.378591540079285,-8.580170099220561,3656.796821296288,3722.337924071858,1936100.97,40.69284746867588,-9657.794890943824,-9007.077807146396,3647.6143040999996,3504.5706058999995,3951.1170599955767,3434.1484727064353,3670.4552753624725,3647.5097
3579.0111,3608.1148,3556.618,3599.1646,2839404100.0,72023660699.0,-62.223,-41.538,-41.369,30.37037011805146,25.1792799927885,40.75255036857739,0.603,-1.304,-4.549,3887.076335152092,3695.492875152092,3503.909415152092,50.0,43.056,-64.84681049343219,96.88888000000001,3643.5935554166663,6.224334156446782,31.474482072071947,76.92649047883992,49.22854759179416,4110.1797,3489.9697,-0.2814655970089168,0.03221868819754474,134.7634249438737,-0.5788006546388872,-0.7164789795280009,-240.96980499999972,-272.4485941666666,71.68574347627006,89.08370986043587,-144.90257800000018,-38.44775120000004,-157.6950999999999,-290.30166666666673,26.743755565780738,26.521431503378682,-4.197524331291901,-7.449257968975169,3647.9303257122433,3717.5075976376675,2220041.38,47.17217326933661,-9773.000424981357,-9294.399584824483,3660.8069382,3517.2458818,3946.85671294046,3430.445554237969,3641.577583304477,3627.3069
3588.2332,3616.9357,3552.4871,3590.8339,2622956500.0,71771534972.0,-62.168,-45.664,-33.008,34.093747120627846,28.150769035401616,45.9797032910803,-0.008,-1.087,-4.547,3867.6416035503057,3685.1366235503056,3502.6316435503054,41.667,44.444,-57.456723141918914,95.79113500000003,3633.9229262500003,6.947682082623471,31.676557834765003,74.83430934265887,54.10685868979756,4110.1797,3489.9697,-0.29400047341571706,0.009328757793795805,120.37988516387028,-0.5861197279687992,-0.7537084336824539,-249.25773499999968,-256.38361916666645,71.31309366958754,86.0283874421225,-169.0301460000005,-65.56074319999998,-197.0355999999997,-239.00048333333334,26.71537418730568,26.616151482696512,-5.201752594697354,-6.220280408235745,3639.1462602180522,3712.5400016518765,1957745.73,39.40009855490822,-9987.793930776179,-9691.593667307954,3670.3080087000003,3526.3743613000006,3942.902265285316,3427.0085109489187,3617.3203219757606,3616.9357
3598.8499,3619.3306,3586.5036,3605.6047,2340686900.0,65113797629.0,-60.239,-48.579,-23.319,38.60376263110365,31.635100233968963,52.54108742537302,0.061,-0.421,-3.904,3840.1973933709114,3677.3915133709115,3514.5856333709116,50.0,45.833,-36.56602201463013,91.75491500000003,3632.7482087500002,7.510011380053329,28.02587722331917,68.11651028065154,58.34889726359414,4023.8843,3489.9697,-0.29955427278482855,-0.015146225144832303,118.5424036809398,-0.4713411766882091,-0.7584059891795778,-233.16828000000032,-241.45334999999992,71.2479084909351,87.6944877502542,-179.96521600000005,-90.26409580000009,-113.16920000000027,-199.55938333333333,26.567053648761195,26.65586802486486,-3.043185819928452,-5.225555984907734,3633.986020184506,3708.346460410626,2191814.42,45.9686718467474,-10004.788990686231,-10085.585839715624,3669.184902,3525.295298,3940.5221208425987,3424.939787274408,3596.944222459639,3552.4871
3565.0925,3573.0574,3496.3815,3512.0203,3468129800.0,77248960341.0,-65.506,-51.965,-27.083,30.401450488358815,31.223883652098912,28.756584160878617,-2.022,-2.319,-6.004,3828.9362898752693,3663.0830898752693,3497.2298898752692,41.667,45.833,-105.19498215761531,93.87073500000001,3608.1231845833336,7.149890976958129,33.225046715008645,65.9088268409117,62.91474203669411,4020.0092,3489.9697,-0.3085086624950564,-0.04139888969553816,103.10271622070013,-0.5739379488851649,-0.7538334243279619,-325.52441499999895,-257.449810833333,64.21732802721432,78.18071087679479,-195.05899400000044,-112.9207968000001,-305.3924999999999,-205.05626666666663,26.343519552621146,26.626454623554736,-7.999986273425812,-5.394054548909067,3615.2220632330436,3700.647395296484,1845001.44,38.685588339581884,-12054.507014693801,-10552.081692379103,3647.7863780999996,3504.7359319000007,3932.6008478916215,3418.054942560007,3489.9697,3619.3306
3516.6567,3558.9361,3511.7241,3538.4271,2639342300.0,66482002222.0,-66.78,-54.928,-23.705,29.541349616615932,30.663038973604586,27.297970902638625,-0.852,-1.195,-4.857,3794.0373359188943,3651.0144559188943,3507.9915759188943,50.0,45.833,-88.27147449182766,89.20497000000003,3591.9934366666666,7.599122205898004,30.478766545609165,64.23202686454113,66.00793333323686,3942.087,3489.9697,-0.31537613180316226,-0.06857146383560259,99.94510953207434,-0.5069000913783154,-0.6984711930736683,-290.4705800000006,-269.56228916666646,63.43777124300638,76.04038787114882,-196.46074199999975,-132.50238820000004,-170.23350000000028,-204.61293333333333,26.08067977539307,26.531573666860115,-4.590161202672476,-5.4018669603492135,3603.407453504883,3694.2858150887787,2108935.67,45.13733748560363,-13034.75393076817,-10914.552248118522,3639.9816951000003,3497.2373149000005,3927.444606391262,3413.5733494802553,3494.825886,3616.8716179999997
3541.3289,3542.8163,3482.5866,3516.3626,2531091500.0,62380220907.0,-68.777,-57.698,-22.159,26.520849037950025,29.282308995053068,20.997929123743937,-1.237,-1.416,-4.905,3771.98361567265,3637.95801567265,3503.93241567265,50.0,47.222,-111.91315394699548,87.82029500000002,3574.0949100000003,7.431174833272654,34.28752493079272,62.963246263566816,68.57834944524532,3910.0097,3482.5866,-0.32160673432615183,-0.09617431404167742,88.36552129606913,-0.5872542380607187,-0.6419892007776099,-299.4422650000006,-273.13884666666667,58.90776107560715,69.53389168146936,-192.44583599999987,-147.82675860000003,-172.3191999999999,-185.97418333333334,25.80017444797416,26.375092862972664,-4.671565869411666,-4.950696015237944,3590.015937581055,3687.3084341049052,1855826.52,38.00762638667166,-14047.98201546506,-11053.238077277992,3624.4300662,3482.2955538000006,3921.460175730456,3408.37192843862,3497.8795622800003,3611.5002172799996
3507.5484,3528.7345,3457.4445,3466.0422,2563980400.0,64750307687.0,-73.572,-60.873,-25.399,19.188417015381283,25.917678335162474,5.729894375818901,-2.04,-2.582,-5.683,3759.0339097355723,3623.3023697355725,3487.5708297355727,50.0,47.222,-137.33883814683116,84.214095,3558.2364970833337,7.836000930321807,36.42776943373873,62.565819929759506,69.74615520429971,3878.2076,3457.4445,-0.3308748224179456,-0.12359117829933668,77.9530086467653,-0.5690259611432275,-0.6037490616543099,-337.57916000000023,-289.2404058333334,55.76869161352286,64.02088417045127,-193.63473000000022,-160.41352260000016,-107.38880000000017,-177.58980000000005,25.5334756584287,26.17337954508066,-3.0052014436545766,-4.751975533965056,3570.943054876277,3678.631326885105,1599428.48,39.11748760775702,-16282.06553212097,-11438.966690996513,3602.3558789999997,3461.087021,3912.6482841706415,3400.712994652987,3647.5097,3602.2568742431995
3454.4611,3479.1275,3439.5127,3463.8727,2326182800.0,56977955371.0,-76.664,-64.031,-25.266,17.116160217478853,22.98383896260127,5.380802727234027,-1.512,-2.539,-5.15,3731.1400176972634,3607.8295376972637,3484.519057697264,50.0,48.611,-147.31836125401156,82.55804999999998,3540.9411891666664,8.242694698660074,34.41718192556884,62.121149858197036,68.47772960042795,3819.0379,3439.5127,-0.3405203579327523,-0.15059921434391438,67.67142887883921,-0.48917285060593746,-0.5703715560610367,-330.93303000000014,-302.8529550000001,51.81850185946843,57.7621147511727,-202.89404400000012,-171.40754320000013,-45.740999999999985,-152.37403333333341,25.269876854049794,25.932463322871342,-1.3033058310662506,-4.1022344066932055,3554.470692587619,3670.209419948434,1366810.2,40.45948409594131,-17874.09633111853,-12168.386405719113,3573.2523210000004,3433.1247790000007,3904.1386937978673,3393.3168086280525,3639.907092,3589.2373403037436
3483.6948,3539.226,3480.3337,3529.7282,2481084700.0,72681322503.0,-72.959,-65.816,-14.284,28.134266152482006,24.70064802589485,35.00150240565631,0.722,-0.68,-2.957,3728.0823331546667,3599.124753154667,3470.167173154667,50.0,48.611,-54.91225522991495,81.44639,3536.0059058333327,15.229790447650844,31.685160454083785,58.34483134179709,63.230670811224314,3818.0719,3439.5127,-0.34216998127267106,-0.17622502887767652,79.46731012295704,-0.3023669805050407,-0.5183244033193666,-254.6681349999999,-306.4362641666667,59.06835219903459,58.62176574679923,-208.00724600000058,-181.38346260000017,-2.3240999999998166,-133.89985000000001,24.99287222161078,25.67009975167961,-0.06580027141726687,-3.6060034819413413,3550.664155266447,3664.700352499476,1614918.67,48.188251926245385,-16753.432919029063,-12947.02159805832,3572.5146876000003,3432.4160724,3901.3293085637038,3390.875006508639,3631.89131632,3577.2593690794442
3543.2452,3563.4001,3510.411,3537.711,2820582800.0,73384969552.0,-68.588,-66.371,-4.434,36.959463463056736,28.786919838282145,53.304550712605916,0.827,-0.251,-2.334,3714.1615846002537,3593.224684600254,3472.2877846002543,50.0,50.0,-21.988202447441097,81.72220999999998,3538.09689125,18.76278350234317,24.548668140499093,49.80754107767431,57.858183959293,3818.0719,3439.5127,-0.3368455698352957,-0.19998620863192432,76.55231824422366,-0.024611647086652144,-0.4567478469246739,-230.5059299999998,-290.59985000000023,58.607985840635436,62.00188289280811,-206.14751000000024,-188.85470420000019,-87.5942,-97.60013333333336,24.630420630323623,25.38458326463002,-2.4161882977466287,-2.675370485994811,3548.671362148532,3659.7203778916537,1896976.95,56.934920894633436,-15648.040205848549,-13546.046129548791,3572.6023413,3432.5002886999996,3899.7335399164194,3389.4880300208124,3624.1961716672,3566.2396355530886
3541.3771,3582.0181,3531.6295,3577.2434,2577895500.0,69755085565.0,-61.228,-65.342,8.229,50.17115687612704,35.91499885089711,78.6834729265869,1.766,0.995,-0.983,3711.1214349557854,3590.4061749557854,3469.6909149557855,50.0,50.0,18.92896542508898,78.07467999999997,3546.2398516666663,21.09714176143127,24.887249603819825,41.166829514210825,52.69942818937598,3818.0719,3439.5127,-0.3224868152911709,-0.22109954491994177,92.43528467302147,0.0028629972197664094,-0.39130532190372214,-173.29038000000037,-271.06981666666684,68.7199246624512,71.54134523906666,-201.76204800000005,-194.54065120000018,-55.335000000000036,-78.45038333333332,24.27618063450786,25.08383340781582,-1.5232981619887416,-2.1642266458808552,3553.067060279527,3656.485986601785,2154766.5,56.698852725912225,-12388.084789525625,-13807.554566003218,3583.3126626000007,3442.7905974000005,3899.4808653266373,3389.2684156577307,3616.808832800512,3510.411
3573.8565,3573.8565,3518.1678,3539.3696,2998529900.0,72721000179.0,-57.785,-63.831,12.091,56.80489197412982,42.87829655864135,84.65808280510677,0.579,-0.009,-1.678,3705.607957975869,3585.9672979758693,3466.3266379758697,50.0,50.0,-6.822426120368882,75.53640999999996,3543.953309583333,14.96369793026118,27.70512161749334,35.41455547071019,49.1889008671385,3781.2754,3439.5127,-0.30610150102695977,-0.23983799715856896,77.46226709601068,-0.10738748845116418,-0.35086602321071714,-189.2794299999996,-252.70934416666668,58.338743607622256,65.05988321154618,-200.23130000000037,-197.66076660000016,-27.507700000000114,-54.31513333333336,23.93131326218586,24.77235654351777,-0.7711983812843832,-1.5141653978596414,3550.9597586980613,3651.8931871272052,1854913.51,48.941089805832256,-11652.02669998317,-13973.977842923918,3596.1901677000005,3455.1631023000004,3898.756503101336,3388.638829798357,3609.7169874884917,3511.843142
3547.4607,3586.3577,3545.0877,3582.6499,2135773900.0,55932233959.0,-50.977,-61.26,20.566,70.36160287805095,52.03939866511122,107.00601130393039,1.25,1.253,-0.275,3707.0494924543577,3584.576612454358,3462.103732454358,50.0,50.0,56.314201980297085,71.31968999999995,3550.637682083333,14.821266374262745,27.709328162824654,29.699384169849765,46.13260204980463,3732.779,3439.5127,-0.28410019582690027,-0.2557170514359349,89.3510315626678,-0.10343739446270862,-0.2985881838304442,-125.5631599999997,-217.37334416666658,68.41740604412753,75.54730188488476,-197.95529399999987,-199.45977440000016,-16.514700000000175,-39.16945000000002,23.619623769637556,24.45338122871925,-0.4588481449278584,-1.0897731814051883,3555.835165052206,3649.1777641026088,2068490.9,47.006223798185076,-10018.250794638205,-13975.324023319114,3619.1585073000006,3477.2307227,3898.4847527769116,3388.4026355911474,3602.908815988952,3514.82372432
3592.884,3616.7995,3583.0406,3616.7636,2339673500.0,66659662955.0,-42.34,-57.476,30.271,80.23431869385445,61.43770534135896,117.82754539884542,1.483,2.155,0.875,3694.0307680936253,3586.5726080936256,3479.114448093626,58.333,51.389,113.9726470279523,68.32783999999995,3559.942710833333,19.747527431627155,22.10464054207387,20.41201398132238,41.26658191975971,3732.779,3439.5127,-0.2556068574437173,-0.268299896637265,84.00871308716926,0.02349544508311429,-0.23965534644584097,-66.32765500000005,-173.27244833333324,68.54031513439732,72.17511353118327,-183.4575460000001,-198.29962960000012,25.92970000000014,-27.224333333333334,23.34945190209273,24.133310403393068,0.722108031786158,-0.7522042042631202,3565.2087704287896,3647.9066204123105,2302458.25,55.291653668052554,-9054.545886424075,-13675.327910492142,3637.2304185,3494.5939315,3898.062779436103,3388.0358737154907,3596.372971349394,3520.9422708608
3624.8038,3624.8038,3581.7606,3594.7093,1797446900.0,56451317764.0,-36.851,-53.351,33.001,81.40896556296137,68.0947920818931,108.03731252509789,0.559,1.558,0.405,3694.5162422434387,3587.891842243439,3481.2674422434393,50.0,51.389,99.66478490254048,62.41181999999994,3567.300889583333,20.976972490216486,22.342129102904675,15.091430798406961,36.718131070102025,3647.5097,3439.5127,-0.22620777725447672,-0.27704524857965135,88.8159570085245,0.03292983762765878,-0.17074600470268791,-71.20990499999971,-142.69607666666653,62.22696849160805,77.09438885507271,-172.7355480000001,-195.92711020000016,-10.895399999999881,-28.652883333333346,23.153745338220133,23.826789256161295,-0.30217954841250017,-0.7916007504289925,3569.747313439745,3645.820450984377,2122713.56,48.85409942712945,-7938.527749542428,-13165.705292369568,3649.8146634000004,3506.6846766000003,3897.4498430679714,3387.5031346291707,3439.5127,3529.2511931919357
3593.1734,3593.1734,3537.0636,3558.4688,2280001300.0,62238781333.0,-35.021,-49.685,29.328,75.6725022735333,70.6206954791065,85.77611586238689,-0.551,0.424,-0.307,3691.6194509186666,3585.511850918667,3479.404250918667,50.0,51.389,35.34808442027457,60.03329999999994,3567.7290720833334,20.029078372508536,28.267147195254942,15.707862284465698,32.75770168107,3647.5097,3439.5127,-0.2009199143530934,-0.2817124587025595,76.42896643399241,-0.06411247272198371,-0.11464450598921637,-88.38271499999973,-119.00887416666653,61.49234802360488,70.41499992876284,-163.52042399999982,-193.03456900000015,46.44849999999997,-6.31243333333335,22.924749704197215,23.54251076847356,1.3225578451240718,-0.16847639328387562,3568.012157525938,3642.394896043814,1894713.43,49.35590491290273,-9331.35317428325,-12694.042408251387,3648.7457135999994,3505.6576463999995,3897.3865957142725,3387.4481626301613,3443.218522,3536.895401736581
3541.055,3582.9118,3533.3181,3573.037,1947345400.0,53874853157.0,-32.026,-46.153,28.255,71.83760501634394,71.02633199151899,73.46015106599384,-0.125,0.753,0.26,3685.1446781327622,3583.376338132762,3481.607998132762,50.0,51.389,45.47009081698674,59.37496999999994,3565.1432704166664,19.307047745936686,28.142401712055484,17.437595619834358,29.302212567022593,3647.5097,3439.5127,-0.17754398012035325,-0.2824262168978088,88.02674317295607,-0.10196963574606706,-0.07162192656034189,-56.843030000000454,-99.60098249999987,72.91870732821134,75.3248308512864,-147.98860999999988,-188.4699570000001,34.609899999999925,8.67838333333331,22.779396236499355,23.29304670213881,0.9781153891795574,0.2484258652441742,3568.785210214255,3639.6749785518996,2089447.97,48.74236768557858,-7654.954044135105,-11831.3312594528,3653.4142739999998,3510.143126,3897.298264262757,3387.3713885648262,3446.8502275600003,3622.974086
3564.6567,3565.2223,3504.4939,3514.1106,1968586000.0,55806819379.0,-34.015,-43.725,19.421,50.55616135638513,64.2029417798077,23.262600509539993,-1.656,-0.903,-1.192,3685.650902755039,3578.096902755039,3470.542902755039,50.0,51.389,-30.15237147543521,57.71611999999993,3555.937404583333,20.345793273920112,21.549562798854385,12.939607573699321,24.177081522204755,3647.5097,3439.5127,-0.16210320796293334,-0.2802445515744181,75.18120126427522,-0.04627091045826586,-0.04316680766625579,-96.41161499999953,-84.12301333333319,58.62150709890881,62.4930955594318,-136.24591400000008,-181.8051440000001,-2.2519999999999527,12.88766666666667,22.65401115784346,23.080163018081738,-0.06404345217412882,0.3662850200958833,3560.3737317197542,3634.7508852753544,1892589.37,50.92156420871065,-8977.887995767178,-10941.710425917665,3643.2750762,3500.4015438,3896.0907677031964,3386.3218822093195,3450.4092990088,3618.23487856
3505.7143,3520.7338,3465.6546,3477.0654,2485500600.0,67360431710.0,-38.141,-42.609,8.935,36.094066175804905,54.833316578473436,-1.3844346295321515,-2.211,-1.973,-2.123,3672.9980856672573,3569.4989056672575,3465.9997256672577,50.0,51.389,-98.02009491171151,58.11418999999994,3543.0401712499997,20.13628039446393,26.411440453507048,10.135956876371269,19.917670523110516,3627.3069,3439.5127,-0.15563254298949278,-0.2762195214331513,77.3029601479132,-0.1333615581115726,-0.05525013111346918,-122.10024000000021,-83.54585999999995,61.55411306051018,68.15589005253374,-134.12561200000027,-174.41698060000007,11.023200000000088,17.477316666666713,22.619068075524048,22.91340373572949,0.31803421204739196,0.4957654129250917,3547.5570653013306,3628.5671407547525,1644039.31,43.2727818504498,-9820.020099154934,-10248.369143930253,3618.1398230999994,3476.2519868999993,3892.9784567090405,3383.6167894760815,3453.8971890286243,3609.0800618464
3483.013,3505.39,3448.5678,3461.4592,2107433100.0,58980495162.0,-42.184,-42.524,0.679,26.50099429764313,45.38920915153001,-11.27543541013064,-1.936,-2.408,-2.507,3664.4605876672013,3560.194787667201,3455.928987667201,50.0,50.0,-112.56108018208762,56.300674999999956,3525.9029970833335,20.2264940712055,24.9453506433675,10.938366489381224,15.675190235351803,3624.8038,3439.5127,-0.15606084870025774,-0.2708843122130926,80.26526114341303,-0.12665178607851257,-0.06964066259105574,-125.1985150000005,-93.35767000000003,56.935938262519606,73.44381671986461,-133.01702999999998,-167.10393260000006,-2.4135000000001128,12.753450000000006,22.539303246394002,22.7783789597797,-0.06967634809443525,0.3638013496116595,3534.3112398703565,3622.013888176135,1433296.0,43.86110979475897,-9534.723370161553,-9637.037460361553,3591.6653763000004,3450.8157536999997,3889.0521235485494,3380.204182149673,3457.315321248052,3596.239080898688
3469.3957,3484.057,3442.234,3469.1727,1950031300.0,60235405556.0,-44.255,-42.87,-2.771,22.58575890324998,37.78805906877,-7.818841427790062,-1.132,-2.051,-2.218,3653.6960180481024,3551.1433380481026,3448.590658048103,50.0,50.0,-117.13234210683588,55.81698499999995,3514.0410087499995,21.041713057365452,23.378190289494366,11.289796787481421,13.190613792944191,3624.8038,3439.5127,-0.15933375853330917,-0.26477772028931224,95.35456650670396,-0.10679154556089827,-0.06957444671435951,-110.4084899999998,-99.89076750000004,63.733522688745026,79.17960999494291,-136.94174999999996,-160.62190280000004,-60.55549999999994,4.476766666666663,22.495820756859935,22.668724862886336,-1.7155853530025325,0.12823371551332077,3524.2899260441477,3616.020116090797,1628299.13,44.69940008105833,-7718.503519318745,-9170.079333340864,3572.1559280999995,3432.0713819,3885.5439755274665,3377.1550441500403,3624.8038,3580.838572808819
3456.5484,3456.5484,3399.7611,3431.4931,2126270100.0,64308250877.0,-48.38,-43.972,-8.816,19.757317656120115,31.777811931220043,-4.283670894079741,-1.612,-2.872,-3.059,3644.1559985514577,3539.5361185514575,3434.9162385514574,41.667,48.611,-163.50757882470785,56.06513499999994,3500.7480299999997,20.21772728825901,25.687956199583112,10.432939865701167,13.070401075083431,3624.8038,3399.7611,-0.16739368639644658,-0.25844738093834874,101.4414837664715,-0.14160310951932442,-0.07381508172065016,-134.1859300000001,-107.52463666666677,62.58977395413311,77.95278316735292,-139.99389800000017,-154.59816260000002,-106.21789999999964,-20.96763333333327,22.513746846833367,22.600224386659033,-3.0024470625214907,-0.5926004357609397,3510.013491268125,3608.783762518609,1415672.12,44.99939393533931,-6040.0216319192195,-8608.87882653447,3544.4625098999995,3405.4639801,3879.57747813858,3371.9692099709146,3617.501008,3559.109276071761
3445.0941,3456.7226,3411.0969,3448.1042,1868805600.0,54862649932.0,-49.735,-45.125,-9.221,20.33212692551516,27.962583595985084,5.071213584575311,-0.542,-2.104,-2.378,3634.274481864017,3529.927081864017,3425.579681864017,41.667,47.222,-120.72743591642806,56.70506999999996,3489.77042375,12.84414309831909,26.732354238035466,13.17819084041379,15.307893230124074,3624.8038,3399.7611,-0.17559266373208146,-0.25224930048571137,98.59266219173448,-0.24452549803321302,-0.10359518651135319,-111.27429499999971,-116.59651416666664,63.00417066910548,71.92829545426358,-147.70987799999966,-149.573621,-129.13919999999962,-48.25914999999986,22.545801458699746,22.561291923692426,-3.6100199388165652,-1.3572896570936266,3500.4889849191827,3602.4826032041537,1602552.68,43.85839499897039,-5528.958670505313,-8159.94961412118,3527.4331254000003,3389.1024146,3875.2906549846207,3368.243279566072,3608.7914116800002,3539.9874949431496
3449.0487,3515.8807,3426.8214,3513.3953,2719346500.0,77591569475.0,-45.021,-45.104,0.165,33.138855638294686,29.688007610088285,40.04055169470749,1.345,-0.189,-0.467,3641.0124902579205,3525.6831502579203,3410.35381025792,50.0,47.222,-48.6094910294784,55.69687499999998,3492.9018925,16.799978520651617,25.475602040850873,16.119577252435715,14.529592413067519,3624.8038,3399.7611,-0.17610411212277,-0.24562907296709705,97.4230131609933,-0.18753135534438145,-0.12809087461935767,-42.38728499999979,-107.59245916666669,60.05727708739186,66.50506636117203,-154.0496720000001,-146.6328336,-25.974299999999857,-52.212866666666514,22.671336823224536,22.56417953458927,-0.733867974681137,-1.4689270775114613,3502.474571854693,3598.988983470658,1874487.33,43.60440608713683,-5890.264114623849,-7843.521436941157,3528.910773899999,3390.5221160999995,3874.365548015783,3367.43921463054,3600.4301992128003,3523.1603275499715
3496.8069,3532.7915,3491.8927,3510.1239,2117662100.0,66633946929.0,-41.076,-44.298,6.444,42.17854334291423,33.85151952103027,58.83259098668216,1.09,-0.11,-0.455,3639.242614995261,3524.3421549952614,3409.4416949952615,41.667,45.833,-9.947768694462845,55.381214999999976,3498.9671483333336,16.78507725677352,25.79464600081183,17.39927075410171,13.76761381523649,3624.8038,3399.7611,-0.17160480796558478,-0.23844050677521822,81.55323822979767,-0.1568971095084568,-0.13840027870674357,-46.7225999999996,-95.02951916666659,67.2814094205584,66.44538046118282,-157.78325599999926,-145.13760439999993,-72.52599999999984,-66.13773333333317,22.78465561579563,22.59177745796787,-2.024367494016087,-1.8593273618553745,3503.651391569356,3595.5040782365145,1662721.12,42.69501479632577,-5953.449343361523,-7645.013596323067,3537.4816196999996,3398.7568502999998,3874.102443310562,3367.210534840021,3592.403435244288,3426.8214
3493.793,3524.541,3488.4905,3516.0976,2075010200.0,59966861527.0,-37.041,-42.847,11.612,51.55584268203303,39.75296057469785,75.1616068967034,0.997,0.299,-0.197,3633.5300078528558,3522.948587852856,3412.367167852856,41.667,44.444,-9.494712446579733,54.17225499999999,3504.809344166667,17.311088357591306,25.233863643385316,18.76188281635775,14.850124652869487,3624.8038,3399.7611,-0.16311045695443824,-0.23051569290663249,97.90153180387281,-0.14558773177200357,-0.1432467338207365,-43.19165499999963,-81.36170916666644,76.8604125913845,73.87351061470517,-156.91292799999928,-144.47685479999987,-100.66600000000017,-82.51314999999984,22.917252541937554,22.654769007225127,-2.783317107040122,-2.3116008216796557,3505.566192866378,3592.390098697828,1870222.14,44.05196892779187,-4054.967522606489,-7117.375031155391,3546.6917250000006,3407.605775,3873.856873072055,3366.9970952869257,3584.697741834517,3428.9408019999996
3521.9769,3524.7073,3477.0594,3487.4271,2267914100.0,58120695498.0,-35.744,-41.426,11.365,56.33696946626698,45.28096353855423,78.44898132169249,0.086,-0.264,-0.872,3630.612214089092,3520.419954089092,3410.2276940890915,41.667,43.056,-22.538721096441673,52.99014999999999,3501.4381929166666,15.595623295555333,26.765643155671018,22.279965579610415,16.78488118354592,3624.8038,3399.7611,-0.15506210647095064,-0.22172505710928275,82.87041637140145,-0.1925146707139946,-0.15949604051581748,-73.91138999999976,-75.27885916666644,71.37394710339353,67.622576532432,-159.70801200000005,-145.6487949999999,-107.2822000000001,-90.3009333333332,23.035755239778833,22.744758087711613,-2.9844471707350606,-2.523077791301744,3502.7755631946275,3588.273902670462,1643430.73,36.69602255141113,-4269.82877424992,-6778.862504166873,3559.8153102,3420.2147098,3872.8079778478013,3366.0854386901447,3577.300276161136,3431.0178159599996
3487.1219,3533.2345,3482.8599,3524.0216,2055236700.0,64888233829.0,-31.401,-39.421,16.04,68.59050497631657,53.05081068447501,99.66989355999968,0.69,0.865,0.154,3626.3072803663213,3519.7487203663213,3413.1901603663214,50.0,44.444,16.027626834594596,53.52814000000001,3506.4859,12.343309804109355,26.18785993160088,26.28238995208577,18.35766490889347,3624.8038,3399.7611,-0.14348816673142736,-0.2118734475492165,96.49498111208074,-0.22667726771852711,-0.16986445269436798,-31.757159999999658,-58.20739749999969,76.58885835787888,74.51461976322408,-153.16498800000045,-147.3407023999999,-34.447200000000066,-78.33914999999995,23.196371416157707,22.858528849265667,-0.9680343410626522,-2.184009004391937,3506.044184241608,3585.7542045265222,1848954.4,35.95851525094318,-4188.0321583335535,-6299.8769204235105,3575.1209049,3434.9200850999996,3872.6029867797965,3365.9072688833744,3570.1987091146907,3435.1064833215996
3540.5344,3548.2057,3462.1585,3467.6605,2586322700.0,80490260380.0,-32.137,-37.964,11.654,60.97385859778582,55.691826655578616,71.53792248220024,-1.012,-0.498,-1.366,3629.922421283815,3517.170261283815,3404.418101283815,41.667,44.444,-9.360758377713662,54.06283499999999,3500.2931308333336,10.667996438560403,27.37579164949388,27.75325795409955,20.465724397256672,3624.8038,3399.7611,-0.13575979339587144,-0.20155293815537653,82.11178074842074,-0.2421697690094305,-0.18269978413113663,-80.34261000000015,-53.05211666666643,68.95988321468694,69.13763469828197,-146.64336200000025,-148.59247739999992,-105.37649999999985,-74.37869999999998,23.4807161794701,23.014347969394063,-2.949213792076596,-2.0738746466019427,3500.1390020505914,3581.1230788588155,1590322.13,35.096432790832424,-5070.162470907891,-5824.891157598806,3573.9067224,3433.7535176,3871.055444669958,3364.562208918748,3563.3812047501033,3441.8924363223036
3469.9785,3482.601,3450.0202,3476.3018,2080416600.0,61353722405.0,-31.658,-36.703,10.09,57.83650398871536,56.406719099957535,60.69607376623101,-0.59,-0.16,-1.073,3620.5475449710707,3512.6436649710704,3404.73978497107,50.0,44.444,-52.21326157226317,53.042420000000014,3496.2651616666662,11.015458751885449,24.036602328402633,30.524327284193348,23.321952268314533,3624.8038,3399.7611,-0.12948680717153577,-0.19118500002218855,98.45350096494431,-0.2007437716252836,-0.19313892036051278,-66.43040500000006,-57.05930333333314,73.85446232894164,79.09529182088703,-136.8758299999995,-148.97835739999988,-37.80879999999979,-76.35111666666664,23.77528725685953,23.198339708333226,-1.0759137745977543,-2.1308822799213787,3496.471740196654,3577.0124404721955,1798363.79,35.39627896956891,-3958.3295721918116,-5267.251777801832,3565.7616552,3425.9278648,3869.091068947135,3362.8548543185375,3556.8364005600993,3448.2712321429653
3457.1739,3473.0389,3440.2041,3473.0389,2245125900.0,77516444788.0,-31.182,-35.599,8.833,53.61675622127818,55.476731473731085,49.896805716372356,-0.508,-0.244,-1.174,3614.5882279896987,3507.8294079896987,3401.0705879896987,50.0,45.833,-60.42487547769453,52.32787500000004,3489.0849533333335,11.212089067874837,25.268589226062975,33.41967104491187,25.409470899506793,3624.8038,3399.7611,-0.12436683355239275,-0.18127900093524965,83.48609075857348,-0.19603537977077498,-0.19918695038845172,-63.19371000000001,-59.80448833333321,69.40847696920889,69.93969211777099,-126.89343600000029,-147.9735259999999,-4.026499999999942,-64.93453333333332,23.9620613213116,23.39457399258589,-0.11580167574644819,-1.8127879768764392,3492.8666878587073,3572.935046728188,1573851.2,28.62154599696889,-3640.5902370396975,-4859.460449573927,3556.2804543,3416.8184757,3867.048813605814,3361.0798099564545,3550.5533885376954,3546.0456679999998
3483.1026,3519.8324,3468.6244,3517.2104,3148052500.0,83713729424.0,-26.931,-33.865,13.869,60.566220519954655,57.17322782247228,67.35220591491942,0.752,0.89,0.02,3610.381761197029,3507.263661197029,3404.1455611970287,58.333,48.611,64.66496903007528,51.93449500000004,3494.1449716666666,17.809541149532247,21.959669783065777,32.05523838879776,25.408560602577758,3624.8038,3399.7611,-0.11527659608296596,-0.17173775568804994,101.09905856745615,-0.07377338187481786,-0.18021449303751894,-11.055170000000544,-54.44840750000003,78.20609973355887,80.11396475201309,-108.09533600000032,-144.78366979999993,55.75120000000015,-38.86499999999993,24.131000923280546,23.59686538947639,1.6106271020036913,-1.0804639420358033,3496.611874341983,3570.7497664643374,1888656.45,37.5129167511846,-2770.307542888155,-4532.48904067082,3558.639546,3419.0850539999997,3866.9042789664873,3360.954186391433,3544.5216969961875,3543.9288366399996
3518.8644,3522.6131,3471.3799,3491.1877,3402655400.0,86473763253.0,-25.369,-32.166,13.595,56.11292624126516,56.81979396206991,54.69919079965567,-0.011,0.091,-0.675,3610.3410299719158,3506.1014299719154,3401.861829971915,50.0,50.0,40.964339549641345,52.14675000000004,3494.857523333333,18.281135504343847,16.789478017174133,28.36937548954694,25.32467053457868,3624.8038,3399.7611,-0.1066104119191018,-0.16286326649266003,98.3380598039034,0.016260851218917342,-0.15757091453048575,-29.202845000000707,-46.996983333333525,76.14653507325558,80.57827806327278,-93.32425799999919,-139.34510779999988,22.014999999999873,-17.315466666666605,24.20476607290421,23.79170052833062,0.634589335953205,-0.4772911909210924,3495.777385981678,3567.6296854265206,1548390.91,36.452927015389626,-1568.817587201884,-4136.474932340478,3554.1633168,3414.7843632000004,3866.456629334916,3360.5651077396933,3539.18470511634,3541.8543419072
3475.0511,3510.3971,3443.3096,3449.9385,2993342900.0,90047468987.0,-27.146,-31.162,8.032,40.41301742899264,51.35086845104416,18.537315384889595,-0.842,-1.135,-1.746,3602.306698863479,3502.461458863479,3402.616218863479,50.0,50.0,-40.42484290989233,53.79364500000004,3488.1446595833336,18.029290375118478,18.032189136676227,22.382251758466765,24.332320855276265,3624.8038,3399.7611,-0.10262282883979924,-0.1552140650624641,96.24711207720381,0.014139177308888482,-0.13856688266189182,-70.52079499999945,-53.45758916666682,75.8706438031709,79.15534971468813,-88.3795799999998,-132.77809859999985,18.445400000000063,-8.50003333333325,24.34207335918113,23.982650852167854,0.537532772541494,-0.2263633386537347,3488.725249676804,3563.014344821559,1249056.62,35.49947958763832,-2157.3169384059715,-3763.180214718689,3549.4661403,3410.2713897000003,3864.740019215415,3359.0731008133976,3534.690172911686,3539.821337069056
3457.9077,3470.5151,3402.0751,3406.3103,3009252800.0,82122262261.0,-31.71,-31.272,-0.876,27.9080880833499,43.53660832847941,-3.3489524069091203,-1.807,-2.288,-2.792,3600.561482463783,3495.2080024637826,3389.8545224637824,41.667,50.0,-137.36181023701855,55.063485000000036,3473.1210325,17.407485823364322,21.932490138161523,16.979756805449423,22.366507379774486,3593.1734,3399.7611,-0.10587279287857786,-0.14919731584366916,80.60878029824414,-0.045538305158456215,-0.12745027970483103,-112.733835,-58.856126666666796,65.7372910938139,67.94268788860597,-89.24978399999964,-125.92475139999988,-41.79390000000012,2.0970666666667057,24.50253544823549,24.15295406362875,-1.2120834399378104,0.0631583867027296,3476.046026649604,3556.86908816189,948131.34,34.45433961116494,-4441.988555632305,-3612.034135945768,3539.2654263000004,3400.4707037000003,3860.516027006475,3355.401780482263,3529.021008536985,3534.311487586294
3410.0086,3416.027,3371.134,3399.9849,2804888900.0,68750415328.0,-35.428,-32.103,-6.651,24.03650649489634,37.036574383951724,-1.9636292832144306,-1.629,-2.204,-2.811,3592.854486991041,3485.732506991041,3378.6105269910413,33.333,47.222,-190.84033508624844,54.42585000000004,3457.9971629166666,17.978660791211162,21.10889586028228,12.123132417355047,21.323729850774196,3582.9118,3371.134,-0.11359758338524073,-0.14483119929527655,66.94531675458626,-0.026520628071418178,-0.1090064971889892,-119.04598499999929,-67.62539,63.5357839083353,63.81929259862243,-90.9064240000007,-119.32410100000001,-113.41040000000021,-10.50320000000003,24.635372788505613,24.296301652236433,-3.2279430669244706,-0.2955131620183898,3464.344314857357,3550.7167670575022,667642.45,33.82846859313378,-5403.084665272098,-3746.8458502123294,3525.3837363,3387.1333937,3855.172328326308,3350.7572573303423,3518.865335854026,3524.5208383311165
3380.6283,3443.3591,3371.4735,3437.7135,2493574100.0,71271508867.0,-34.928,-32.668,-4.521,28.55777280093254,34.210307189611996,17.252704023573628,-0.367,-0.947,-1.563,3591.205156483958,3479.235636483958,3367.266116483958,41.667,45.833,-127.71232889062811,55.54044500000005,3452.3064275,20.879320484532613,20.392264242684618,5.897927170533454,19.658799107722665,3565.2223,3371.134,-0.11924930440628137,-0.14191646550957296,66.71859106130995,-0.0005598376278544902,-0.08388233829002555,-82.38662999999997,-70.82421,66.26925136871435,62.05597243542926,-88.52261599999974,-112.2055614,-72.41040000000021,-21.900516666666743,24.7298938653878,24.4242737429158,-2.0629015403131556,-0.6200298061128411,3460.2472664177635,3546.2852663885806,916999.86,34.93763174674562,-5385.121593177046,-3858.3751321050413,3508.4202182999998,3370.8351117,3852.5749144017877,3348.4996919566934,3507.046828985704,3515.3176280312496
3423.4199,3456.0687,3421.6571,3447.8617,2368968000.0,59566576006.0,-33.329,-32.8,-1.058,35.92262660608949,34.78108032843783,38.20571916139279,0.263,-0.491,-1.073,3584.4532101521527,3475.6762901521524,3366.899370152152,41.667,43.056,-63.019464057089635,53.83387000000005,3450.6298225,16.005129814521975,21.942490878567618,6.766372070017471,19.410805229407615,3548.2057,3371.134,-0.12180863681302251,-0.13990173695207742,79.49787693773894,-0.0606365476281074,-0.06371198035876742,-75.24587500000052,-81.52266083333332,75.17383014354454,67.53875268503123,-88.07526000000007,-105.69658859999996,-68.23590000000013,-42.56503333333345,24.769983822011508,24.530770892704293,-1.9406713852311759,-1.2119128873186522,3458.3417946611844,3542.425518687068,1153896.66,34.24112358876458,-4888.171436549175,-3928.389059926603,3498.0713391,3360.8920709,3851.3078418636414,3347.3984046104542,3496.1738026668477,3506.6666103493744
3418.5814,3435.4474,3395.8073,3413.8886,2188266800.0,60670008530.0,-34.406,-33.121,-2.57,33.3566683365406,34.306276331138754,31.4574523473443,-0.352,-1.297,-1.835,3571.880505058297,3469.902145058297,3367.9237850582967,41.667,41.667,-100.91820626023863,53.68263000000004,3446.24590625,13.444039276066652,25.148189344832616,11.112112209212164,19.74074384937955,3548.2057,3371.134,-0.12541753877646267,-0.1383909867414259,68.84551789558046,-0.17301883761420292,-0.060631432135314016,-106.11559000000034,-94.3414516666666,70.43406092865611,58.13720887486578,-86.59302799999978,-99.6915551999999,-73.53849999999966,-58.49061666666671,24.84354716589873,24.63723440820338,-2.1086749024803892,-1.6691235937242512,3451.5028416363866,3537.3848552091436,935069.98,28.22120949872827,-5300.127802616679,-3951.3855930974823,3488.1491972999997,3351.3590326999997,3848.310828262654,3344.793523630157,3486.1706184535,3498.5346537284117
3426.4251,3504.648,3406.7136,3503.037,3452724800.0,95323700797.0,-27.747,-32.047,8.599,51.26334523428274,39.95863263218675,73.87277043847473,1.987,1.331,0.795,3585.1001826717925,3470.0511026717923,3355.002022671792,41.667,40.278,20.8921029883198,55.73824000000004,3453.984512083333,21.132032632066892,22.753318965283132,11.726500457833575,17.05437610815017,3548.2057,3371.134,-0.11972743446640266,-0.13657431602973313,71.90497587762925,-0.0520601011094313,-0.04463417895072028,-13.896729999999934,-84.90410750000001,76.36668099391414,64.08993881811882,-78.22285800000054,-93.82625800000001,-20.984600000000228,-65.06228333333343,25.053247729510456,24.755763469924933,-0.5954730810957637,-1.8579579026637942,3459.4311736923273,3536.037880495059,1280342.46,36.51967414397867,-4231.084601516647,-3978.661096029966,3499.9926621000004,3362.7380479000003,3848.0177733343635,3344.538812337343,3476.96768897722,3395.8073
3502.7402,3556.4926,3502.2083,3539.9125,3016509100.0,92431183857.0,-19.271,-29.491,20.44,64.52727093660006,48.14817873365786,97.28545534248445,2.396,2.22,1.897,3594.7203627347963,3476.033962734796,3357.347562734796,50.0,41.667,139.49663259634795,56.36130500000006,3469.6116679166666,27.448895930696803,21.132708094587997,11.976314909306282,14.478035857377852,3556.4926,3371.134,-0.1044674028548408,-0.13383099824580974,84.36466737959618,0.08782333245456198,-0.026678988469678075,28.188994999999522,-61.41696916666675,87.77503372215567,72.04015730446672,-67.95827000000054,-87.93274140000003,72.25199999999995,-46.05463333333341,25.262349258035947,24.882399104891675,2.0835949770745996,-1.308678166495059,3471.8129162012,3536.1898263579983,1581993.37,43.88490364094178,-3407.2744698897986,-3955.3295193149766,3528.1138121999998,3389.7564078,3846.9428179955808,3343.6045053606445,3371.134,3402.234712
3543.1099,3550.0761,3520.666,3537.6963,2378258700.0,57213058290.0,-12.588,-26.111,27.045,72.97134528288726,56.422567583401,106.06890068185977,1.657,2.005,1.804,3596.0857513632286,3481.7589313632284,3367.432111363228,41.667,43.056,137.0119143803531,54.36123000000007,3488.2735433333337,27.092312721797327,21.702480478229642,12.482590224979267,12.302861321167157,3556.4926,3371.134,-0.08419858803536598,-0.12967124332775568,84.12565068121184,0.08077356482222621,-0.01951090918042154,27.08075500000041,-37.06251250000014,92.83223327641801,76.71967359315843,-60.31535000000031,-83.15474280000004,61.39449999999988,-16.920483333333397,25.367477756246622,25.004416599515178,1.7660865923666316,-0.47633988994654225,3481.9488214010153,3536.248903755724,1344167.5,44.38902236482183,-2062.918418268638,-3884.590606853025,3551.3634423,3412.0942876999998,3845.90679956562,3342.7040407439495,3374.841172,3408.4050275199997
3531.7877,3531.7877,3501.3833,3511.4674,2380663300.0,60552282948.0,-9.301,-22.749,26.896,73.8839431665704,62.24302611112414,97.16577727746292,0.549,1.156,1.008,3596.256048058794,3484.913268058794,3373.570488058794,41.667,43.056,88.73442524730402,53.89559500000007,3493.641789583333,28.94357996113391,22.99052970349266,14.196352445387047,10.047139807960251,3556.4926,3371.134,-0.0645950860888279,-0.12412136444559303,73.46762195086644,0.06226067592282854,-0.014164076001094863,5.424964999999702,-22.42724666666686,84.38635049565188,72.69202853631317,-54.34351599999991,-79.2566686000001,38.428499999999985,1.552666666666634,25.37731063457359,25.112319394379472,1.1064805522333765,0.051890458811213236,3486.4901411854744,3535.277080079029,1106101.17,44.6133190996588,-2630.237457429636,-3990.7325938757995,3565.7789289000007,3425.944461100001,3845.0713419312233,3341.977895323399,3378.47420056,3414.3285304192
3514.4281,3530.4907,3496.5202,3522.4512,2382719600.0,63208447575.0,-5.743,-19.348,27.209,76.46757606727377,66.98454276317402,95.43364267547327,0.505,1.459,1.25,3592.6397050690675,3487.9203250690675,3383.2009450690675,41.667,43.056,78.1252322570369,51.14115500000005,3495.516959166667,28.88842142043454,21.9490518199295,13.863670122707328,10.3150210963624,3556.4926,3371.134,-0.04525994644875832,-0.11757915616189243,84.37843636792432,0.1082655910257159,0.0029252457971464837,24.75001999999995,-5.761264166666781,91.66830490719093,80.26255918960416,-43.767633999999816,-74.7954740000001,5.240800000000036,13.798783333333327,25.309502396750666,25.202239156836,0.14900444966272236,0.40016976462686293,3492.022611772324,3534.774104389656,1344373.13,50.530428008510086,-1965.7847543751234,-3971.579375472715,3586.8358803000006,3446.1756497,3844.278199753998,3341.2885287581475,3382.0345685488,3420.015093202432
3532.8724,3544.2659,3475.2632,3481.8619,2064464400.0,61176734265.0,-6.128,-16.704,21.151,70.8661325709923,68.27840603244678,76.04158564808336,-0.973,0.313,0.068,3593.9468490307436,3489.1149290307435,3384.2830090307434,41.667,43.056,44.23486394213828,52.546350000000054,3493.1487508333335,27.64115963152132,22.50257600983982,10.516998423927575,10.81455531656987,3556.4926,3371.134,-0.03138948672464736,-0.11056839009984556,85.40306264200943,0.10749262802157777,0.017815607585257145,-6.419329999999718,10.854779166666654,88.93045964144845,82.38241220402863,-34.38109200000008,-69.30860480000015,-9.325800000000072,24.500899999999927,25.27341800755099,25.27388429711138,-0.2671239933619173,0.7070949161466084,3490.4594253458126,3532.6991159822187,1137926.69,50.739052550188845,-1620.192843300409,-3689.399804239525,3590.1925625999997,3449.4006974,3843.747570424684,3340.8273275653787,3385.523729177824,3425.4741934743347
3482.9926,3499.4454,3457.2916,3497.7469,2298654300.0,64532267663.0,-5.093,-14.382,18.577,68.39093047926465,68.31591418138608,68.5409630750218,-0.496,0.655,0.444,3592.9907269008313,3488.7066469008314,3384.4225669008315,50.0,44.444,20.92760754849334,52.85151500000004,3492.5515795833335,21.759824166041543,25.159556011818736,11.108920613618025,11.4177105357258,3556.4926,3371.134,-0.019946630067731775,-0.10341019875551023,97.98852440383847,-0.007494482005814762,0.01704509154326156,17.3898650000001,16.06921166666666,89.19084093528524,81.39574503885828,-24.36755599999924,-62.654718,47.80839999999989,35.96639999999994,25.20410705353902,25.299027517782804,1.3857754275909524,1.0373030009277278,3491.580575292611,3531.328440845661,1367792.12,43.39527613841133,-1321.6978756196977,-3281.261125274285,3580.6915125000005,3440.2722375000008,3843.493993391773,3340.6069288358394,3388.9431065942676,3430.7149297353612
3505.8143,3645.0748,3505.6263,3641.2918,4418286500.0,125736432456.0,7.227,-10.06,34.574,78.42140475122805,71.68441103800006,91.89539217768402,3.092,4.198,4.326,3618.4243602118636,3499.0518202118637,3379.679280211864,58.333,45.833,169.3235403030309,57.83551500000003,3513.497857083333,36.11959129916213,22.31241892071399,12.880299649470617,12.428307279388449,3645.0748,3371.134,0.0043561499308541266,-0.09543928593542,105.56797633843958,0.2728515647743678,0.05409932625464769,167.70093999999972,39.32120250000003,110.91442233516253,100.32778735912751,-6.1945160000000214,-54.42190800000003,234.98149999999987,63.08798333333326,25.293963156876426,25.304296500922888,6.898417328568095,1.83977339284331,3514.61307140144,3535.640729439949,1809620.77,54.016518791124966,1584.503801356301,-2584.2985858209504,3595.3361625000002,3454.3425875000003,3845.3266885203197,3342.1998320784082,3395.6450863304967,3443.5765219512396
3656.3403,3678.0671,3643.9848,3657.1898,3455939600.0,96585659449.0,18.065,-4.435,45.0,83.04968157566265,75.47283455055427,98.2033756258794,2.961,4.015,4.601,3634.2014252710514,3514.3561452710514,3394.5108652710514,66.667,50.0,192.5672211012315,57.15555000000004,3540.110449166667,41.48572533945501,19.7103864095374,16.969793500265776,14.726191862622521,3678.0671,3371.134,0.036542573199274155,-0.08643774893888492,124.29603573962696,0.39641675798404225,0.11736994798778604,186.91138500000034,65.95964083333335,122.0114955731618,116.16149502317583,14.10060199999998,-44.204321800000024,257.2049000000002,95.72304999999999,25.329099607116117,25.297900142734466,7.56488359698304,2.806239560279378,3536.547952724295,3540.4073596579906,2155214.73,62.44302828032517,2756.5240888115,-1819.8290332848828,3624.9327732,3482.7785467999997,3848.54004954205,3344.992753340286,3410.610869150667,3462.33576819514
3645.4823,3709.0023,3628.9596,3664.9417,2987912000.0,85146995898.0,26.969,1.846,50.247,82.86496755782767,77.93687888631207,92.72114490085886,2.442,3.677,4.63,3654.397026991269,3528.954086991269,3403.511146991269,66.667,54.167,162.91045729013018,56.855325000000036,3567.6380475,44.63118180505651,14.469739817472096,23.56497596162536,18.880664203506203,3709.0023,3371.134,0.07210262986793183,-0.07604462777569476,127.97261214282368,0.5044534623631827,0.17920478837363202,197.82212500000014,98.02583416666675,133.7742883831885,118.73285432819547,38.55864599999995,-31.689154400000053,227.22820000000002,127.18966666666665,25.246295449605068,25.276064278573045,6.609864376423458,3.723470197644392,3556.3008369205572,3545.291059279246,2454005.93,70.19132996531081,3033.796308398304,-986.4366221833843,3655.3253051999995,3511.9792147999997,3851.942408225891,3347.9499435982043,3432.0073676186134,3487.002421375626
3663.8753,3689.2479,3630.5739,3659.2957,2868284600.0,80468828044.0,33.188,8.114,50.147,81.99414112963308,79.28929963408575,87.40382412072773,1.636,3.004,4.291,3658.997494261942,3541.4066342619417,3423.8157742619414,58.333,56.944,127.67002109004639,58.15998500000003,3581.5325254166664,43.90264241117128,10.568578638096294,31.489247164537165,22.676458643622247,3709.0023,3371.134,0.10653942319542506,-0.06424331625734672,108.78761937101066,0.5556606097025228,0.2311867080678499,190.09723500000018,125.58370333333346,124.89103456506211,110.21813746781717,52.336147999999866,-18.633253800000013,211.4340000000002,161.5552,25.226023732041067,25.262151167788115,6.1323225348627,4.720689878511055,3572.1462004712407,3549.7618295035895,2167177.47,69.69375009648715,2098.6422022573483,-353.463941805985,3688.738480500001,3544.0820695000007,3854.5981594954646,3350.2582133932538,3454.1669622091244,3509.2024092380634
3652.8877,3652.8924,3615.4225,3650.2245,2632840100.0,77917925176.0,36.958,13.883,46.15,80.21231691683805,79.59697206166985,81.44300662717444,0.6,2.183,3.832,3666.2587503639793,3550.7501103639793,3435.2414703639793,58.333,59.722,88.37278613493581,58.548760000000016,3595.1056766666666,42.060765136795695,12.787556024487746,38.67649641299233,24.59674741845995,3709.0023,3371.134,0.1367090916299627,-0.05118951999822894,107.13057593165377,0.48070382890341035,0.27562340407687036,177.48904499999935,156.23509916666663,113.38509863719668,104.06006837350684,62.34614999999985,-5.602811799999972,236.33589999999958,202.4988166666666,25.257695608033316,25.2595307678685,6.922777152130846,5.9190067360931815,3584.158246552588,3553.7015420720763,1903893.46,62.99475748491002,1689.6110141912761,156.22460660212252,3720.1816686,3574.2921914,3856.350020457441,3351.7808589022616,3474.5537892323946,3529.182398314257
3641.969,3652.9485,3608.2042,3650.9034,2816154700.0,82850567929.0,39.545,19.015,41.059,79.11433890774649,79.4360943436954,78.47082803584865,-0.084,1.85,3.695,3677.573392551537,3558.997912551537,3440.422432551537,58.333,61.111,72.04234990970933,58.22557500000003,3605.069051666667,39.9973214305158,13.500994361453936,45.72341359964124,28.416167106629633,3709.0023,3371.134,0.1618883484073114,-0.037331272773715084,109.32186666324328,0.42787187220372486,0.31624687033030324,172.85778500000015,182.14641916666665,105.89180036112597,99.58740156495745,72.46546999999964,7.675270200000023,147.86640000000034,219.17515000000003,25.336227167332574,25.2815507868341,4.221091584245338,6.391559428868913,3594.4267316983437,3557.5133796378773,2185508.93,56.2464637044047,1434.6212109036737,505.97856951935375,3726.7950833999994,3580.6462565999996,3857.9479392305198,3353.1697041910124,3493.309670093803,3547.1643884828313
